class,position,feature,spearman_rho,p_value
ITSN,1,is_charged,-0.639,0.063924
ITSN,1,is_polar,0.0913,0.815318
ITSN,1,min_dist_gtpase,0.4108,0.272071
ITSN,1,mean_contact_dist,0.4108,0.272071
ITSN,1,af3_max_cp_to_gtpase,-0.0365,0.925695
ITSN,1,af3_mean_cp_to_gtpase,-0.0365,0.925695
ITSN,1,af3_mean_pae_to_gtpase,0.65,0.058073
ITSN,1,af3_min_pae_to_gtpase,0.6833,0.042442
ITSN,1,af3_plddt,-0.4167,0.264586
ITSN,1,af3_mean_pae_to_hotspots,0.7167,0.029818
ITSN,1,af3_mean_pae_to_switches,0.7,0.03577
ITSN,1,binding_z,1.0,0.0
ITSN,2,is_charged,0.0,1.0
ITSN,2,is_polar,0.1369,0.725369
ITSN,2,is_aromatic,0.0,1.0
ITSN,2,af3_max_cp_to_gtpase,0.0373,0.924166
ITSN,2,af3_mean_cp_to_gtpase,0.0183,0.962817
ITSN,2,af3_mean_pae_to_gtpase,0.4833,0.18747
ITSN,2,af3_min_pae_to_gtpase,0.5333,0.139227
ITSN,2,af3_plddt,-0.3667,0.33174
ITSN,2,af3_mean_pae_to_hotspots,0.5333,0.139227
ITSN,2,af3_mean_pae_to_switches,0.5333,0.139227
ITSN,2,binding_z,1.0,0.0
ITSN,3,is_charged,-0.4564,0.216838
ITSN,3,min_dist_gtpase,0.5477,0.12687
ITSN,3,mean_contact_dist,0.5477,0.12687
ITSN,3,af3_max_cp_to_gtpase,0.0373,0.924166
ITSN,3,af3_mean_cp_to_gtpase,0.0373,0.924166
ITSN,3,af3_mean_pae_to_gtpase,0.5,0.170471
ITSN,3,af3_min_pae_to_gtpase,0.5333,0.139227
ITSN,3,af3_plddt,-0.5167,0.15439
ITSN,3,af3_mean_pae_to_hotspots,0.5,0.170471
ITSN,3,af3_mean_pae_to_switches,0.5333,0.139227
ITSN,3,binding_z,1.0,0.0
ITSN,4,is_charged,-0.4108,0.272071
ITSN,4,is_polar,0.4108,0.272071
ITSN,4,min_dist_gtpase,0.4108,0.272071
ITSN,4,mean_contact_dist,0.4108,0.272071
ITSN,4,af3_max_cp_to_gtpase,0.0685,0.861067
ITSN,4,af3_mean_cp_to_gtpase,0.0685,0.861067
ITSN,4,af3_mean_pae_to_gtpase,0.5,0.170471
ITSN,4,af3_min_pae_to_gtpase,0.4667,0.205386
ITSN,4,af3_plddt,-0.2333,0.545699
ITSN,4,af3_mean_pae_to_hotspots,0.5,0.170471
ITSN,4,af3_mean_pae_to_switches,0.5,0.170471
ITSN,4,binding_z,1.0,0.0
ITSN,5,is_charged,-0.2598,0.499599
ITSN,5,is_polar,0.5477,0.12687
ITSN,5,af3_max_cp_to_gtpase,0.4108,0.272071
ITSN,5,af3_mean_cp_to_gtpase,0.4108,0.272071
ITSN,5,af3_mean_pae_to_gtpase,0.4667,0.205386
ITSN,5,af3_min_pae_to_gtpase,0.5,0.170471
ITSN,5,af3_plddt,-0.25,0.51649
ITSN,5,af3_mean_pae_to_hotspots,0.5,0.170471
ITSN,5,af3_mean_pae_to_switches,0.4667,0.205386
ITSN,5,binding_z,1.0,0.0
ITSN,6,is_charged,0.0,1.0
ITSN,6,is_polar,0.2739,0.475797
ITSN,6,is_aromatic,0.2739,0.475797
ITSN,6,af3_max_cp_to_gtpase,0.4108,0.272071
ITSN,6,af3_mean_cp_to_gtpase,0.4108,0.272071
ITSN,6,af3_mean_pae_to_gtpase,0.5,0.170471
ITSN,6,af3_min_pae_to_gtpase,0.5,0.170471
ITSN,6,af3_plddt,-0.3333,0.380713
ITSN,6,af3_mean_pae_to_hotspots,0.4667,0.205386
ITSN,6,af3_mean_pae_to_switches,0.4667,0.205386
ITSN,6,binding_z,1.0,0.0
ITSN,7,is_charged,-0.2739,0.475797
ITSN,7,af3_max_cp_to_gtpase,0.4108,0.272071
ITSN,7,af3_mean_cp_to_gtpase,0.4108,0.272071
ITSN,7,af3_mean_pae_to_gtpase,0.4667,0.205386
ITSN,7,af3_min_pae_to_gtpase,0.5333,0.139227
ITSN,7,af3_plddt,-0.3,0.432845
ITSN,7,af3_mean_pae_to_hotspots,0.5333,0.139227
ITSN,7,af3_mean_pae_to_switches,0.5333,0.139227
ITSN,7,binding_z,1.0,0.0
ITSN,8,is_charged,-0.0913,0.815318
ITSN,8,af3_max_cp_to_gtpase,0.4108,0.272071
ITSN,8,af3_mean_cp_to_gtpase,0.4108,0.272071
ITSN,8,af3_mean_pae_to_gtpase,0.5,0.170471
ITSN,8,af3_min_pae_to_gtpase,0.5833,0.099186
ITSN,8,af3_plddt,0.0,1.0
ITSN,8,af3_mean_pae_to_hotspots,0.5,0.170471
ITSN,8,af3_mean_pae_to_switches,0.5333,0.139227
ITSN,8,binding_z,1.0,0.0
ITSN,9,is_charged,0.6062,0.083533
ITSN,9,af3_max_cp_to_gtpase,0.4108,0.272071
ITSN,9,af3_mean_cp_to_gtpase,0.4108,0.272071
ITSN,9,af3_mean_pae_to_gtpase,0.5,0.170471
ITSN,9,af3_min_pae_to_gtpase,0.5333,0.139227
ITSN,9,af3_plddt,-0.4,0.286105
ITSN,9,af3_mean_pae_to_hotspots,0.5333,0.139227
ITSN,9,af3_mean_pae_to_switches,0.5333,0.139227
ITSN,9,binding_z,1.0,0.0
ITSN,10,is_charged,0.0,1.0
ITSN,10,is_polar,-0.2739,0.475797
ITSN,10,af3_mean_pae_to_gtpase,0.5667,0.111633
ITSN,10,af3_min_pae_to_gtpase,0.5607,0.116327
ITSN,10,af3_plddt,-0.4333,0.243952
ITSN,10,af3_mean_pae_to_hotspots,0.5833,0.099186
ITSN,10,af3_mean_pae_to_switches,0.5833,0.099186
ITSN,10,binding_z,1.0,0.0
ITSN,11,is_charged,0.1826,0.63824
ITSN,11,is_polar,-0.3105,0.416049
ITSN,11,af3_mean_pae_to_gtpase,0.55,0.124977
ITSN,11,af3_min_pae_to_gtpase,0.6,0.087623
ITSN,11,af3_plddt,-0.2,0.605901
ITSN,11,af3_mean_pae_to_hotspots,0.55,0.124977
ITSN,11,af3_mean_pae_to_switches,0.55,0.124977
ITSN,11,binding_z,1.0,0.0
ITSN,12,is_charged,-0.3464,0.361113
ITSN,12,af3_max_cp_to_gtpase,0.4108,0.272071
ITSN,12,af3_mean_cp_to_gtpase,0.4108,0.272071
ITSN,12,af3_mean_pae_to_gtpase,0.55,0.124977
ITSN,12,af3_min_pae_to_gtpase,0.5667,0.111633
ITSN,12,af3_plddt,-0.5167,0.15439
ITSN,12,af3_mean_pae_to_hotspots,0.5833,0.099186
ITSN,12,af3_mean_pae_to_switches,0.55,0.124977
ITSN,12,binding_z,1.0,0.0
ITSN,13,is_charged,0.0,1.0
ITSN,13,af3_mean_pae_to_gtpase,0.5667,0.111633
ITSN,13,af3_min_pae_to_gtpase,0.5667,0.111633
ITSN,13,af3_plddt,0.0333,0.932157
ITSN,13,af3_mean_pae_to_hotspots,0.5667,0.111633
ITSN,13,af3_mean_pae_to_switches,0.5667,0.111633
ITSN,13,binding_z,1.0,0.0
ITSN,14,is_charged,-0.3651,0.333899
ITSN,14,is_polar,0.1369,0.725369
ITSN,14,is_aromatic,0.1369,0.725369
ITSN,14,af3_mean_pae_to_gtpase,0.55,0.124977
ITSN,14,af3_min_pae_to_gtpase,0.5607,0.116327
ITSN,14,af3_plddt,-0.3333,0.380713
ITSN,14,af3_mean_pae_to_hotspots,0.5667,0.111633
ITSN,14,af3_mean_pae_to_switches,0.5667,0.111633
ITSN,14,binding_z,1.0,0.0
ITSN,15,is_charged,-0.433,0.244341
ITSN,15,is_polar,-0.2739,0.475797
ITSN,15,is_aromatic,0.1369,0.725369
ITSN,15,af3_mean_pae_to_gtpase,0.4833,0.18747
ITSN,15,af3_min_pae_to_gtpase,0.5272,0.144699
ITSN,15,af3_plddt,0.0333,0.932157
ITSN,15,af3_mean_pae_to_hotspots,0.5667,0.111633
ITSN,15,af3_mean_pae_to_switches,0.5667,0.111633
ITSN,15,binding_z,1.0,0.0
ITSN,16,is_charged,0.2739,0.475797
ITSN,16,af3_mean_pae_to_gtpase,0.5167,0.15439
ITSN,16,af3_min_pae_to_gtpase,0.5607,0.116327
ITSN,16,af3_plddt,0.0333,0.932157
ITSN,16,af3_mean_pae_to_hotspots,0.55,0.124977
ITSN,16,af3_mean_pae_to_switches,0.55,0.124977
ITSN,16,binding_z,1.0,0.0
ITSN,17,is_charged,0.3651,0.333899
ITSN,17,af3_mean_pae_to_gtpase,0.55,0.124977
ITSN,17,af3_min_pae_to_gtpase,0.5667,0.111633
ITSN,17,af3_plddt,-0.2833,0.46003
ITSN,17,af3_mean_pae_to_hotspots,0.55,0.124977
ITSN,17,af3_mean_pae_to_switches,0.55,0.124977
ITSN,17,binding_z,1.0,0.0
ITSN,18,is_charged,-0.6062,0.083533
ITSN,18,is_polar,0.5477,0.12687
ITSN,18,af3_mean_pae_to_gtpase,0.45,0.224216
ITSN,18,af3_min_pae_to_gtpase,0.5272,0.144699
ITSN,18,af3_plddt,0.2667,0.487922
ITSN,18,af3_mean_pae_to_hotspots,0.5167,0.15439
ITSN,18,af3_mean_pae_to_switches,0.5167,0.15439
ITSN,18,binding_z,1.0,0.0
ITSN,19,is_charged,-0.1732,0.655852
ITSN,19,af3_mean_pae_to_gtpase,0.3833,0.308495
ITSN,19,af3_min_pae_to_gtpase,0.45,0.224216
ITSN,19,af3_plddt,-0.1333,0.732368
ITSN,19,af3_mean_pae_to_hotspots,0.477,0.194179
ITSN,19,af3_mean_pae_to_switches,0.4,0.286105
ITSN,19,binding_z,1.0,0.0
ITSN,20,is_charged,0.0,1.0
ITSN,20,af3_mean_pae_to_gtpase,0.4,0.286105
ITSN,20,af3_min_pae_to_gtpase,0.4686,0.203236
ITSN,20,af3_plddt,0.05,0.898353
ITSN,20,af3_mean_pae_to_hotspots,0.4667,0.205386
ITSN,20,af3_mean_pae_to_switches,0.3833,0.308495
ITSN,20,binding_z,1.0,0.0
ITSN,21,is_charged,0.1732,0.655852
ITSN,21,is_polar,-0.3105,0.416049
ITSN,21,is_aromatic,-0.1369,0.725369
ITSN,21,af3_mean_pae_to_gtpase,0.4,0.286105
ITSN,21,af3_min_pae_to_gtpase,0.45,0.224216
ITSN,21,af3_plddt,-0.05,0.898353
ITSN,21,af3_mean_pae_to_hotspots,0.4937,0.17676
ITSN,21,af3_mean_pae_to_switches,0.4667,0.205386
ITSN,21,binding_z,1.0,0.0
ITSN,22,is_charged,-0.1732,0.655852
ITSN,22,is_polar,-0.1035,0.791005
ITSN,22,af3_mean_pae_to_gtpase,0.4,0.286105
ITSN,22,af3_min_pae_to_gtpase,0.4,0.286105
ITSN,22,af3_plddt,-0.15,0.700094
ITSN,22,af3_mean_pae_to_hotspots,0.4,0.286105
ITSN,22,af3_mean_pae_to_switches,0.4,0.286105
ITSN,22,binding_z,1.0,0.0
ITSN,23,is_charged,-0.0866,0.824674
ITSN,23,af3_max_cp_to_gtpase,0.5477,0.12687
ITSN,23,af3_mean_cp_to_gtpase,0.5477,0.12687
ITSN,23,af3_mean_pae_to_gtpase,0.4167,0.264586
ITSN,23,af3_min_pae_to_gtpase,0.4667,0.205386
ITSN,23,af3_plddt,-0.35,0.35582
ITSN,23,af3_mean_pae_to_hotspots,0.4,0.286105
ITSN,23,af3_mean_pae_to_switches,0.4,0.286105
ITSN,23,binding_z,1.0,0.0
ITSN,24,is_charged,0.3464,0.361113
ITSN,24,is_polar,-0.2739,0.475797
ITSN,24,af3_mean_pae_to_gtpase,0.4,0.286105
ITSN,24,af3_min_pae_to_gtpase,0.45,0.224216
ITSN,24,af3_plddt,0.2333,0.545699
ITSN,24,af3_mean_pae_to_hotspots,0.45,0.224216
ITSN,24,af3_mean_pae_to_switches,0.4,0.286105
ITSN,24,binding_z,1.0,0.0
ITSN,25,is_charged,-0.1732,0.655852
ITSN,25,is_polar,-0.2739,0.475797
ITSN,25,is_aromatic,0.5477,0.12687
ITSN,25,af3_mean_pae_to_gtpase,0.4,0.286105
ITSN,25,af3_min_pae_to_gtpase,0.41,0.27303
ITSN,25,af3_plddt,-0.3667,0.33174
ITSN,25,af3_mean_pae_to_hotspots,0.45,0.224216
ITSN,25,af3_mean_pae_to_switches,0.4,0.286105
ITSN,25,binding_z,1.0,0.0
ITSN,26,is_charged,-0.0866,0.824674
ITSN,26,is_polar,-0.2739,0.475797
ITSN,26,min_dist_gtpase,-0.5477,0.12687
ITSN,26,mean_contact_dist,-0.5477,0.12687
ITSN,26,af3_max_cp_to_gtpase,0.5477,0.12687
ITSN,26,af3_mean_cp_to_gtpase,0.5477,0.12687
ITSN,26,af3_mean_pae_to_gtpase,0.3,0.432845
ITSN,26,af3_min_pae_to_gtpase,0.3,0.432845
ITSN,26,af3_plddt,-0.0667,0.86469
ITSN,26,af3_mean_pae_to_hotspots,0.3,0.432845
ITSN,26,af3_mean_pae_to_switches,0.4,0.286105
ITSN,26,binding_z,1.0,0.0
ITSN,27,is_charged,0.3464,0.361113
ITSN,27,is_polar,-0.5477,0.12687
ITSN,27,min_dist_gtpase,-0.5477,0.12687
ITSN,27,mean_contact_dist,-0.5477,0.12687
ITSN,27,af3_mean_pae_to_gtpase,0.4,0.286105
ITSN,27,af3_min_pae_to_gtpase,0.4,0.286105
ITSN,27,af3_plddt,-0.4333,0.243952
ITSN,27,af3_mean_pae_to_hotspots,0.4,0.286105
ITSN,27,af3_mean_pae_to_switches,0.4,0.286105
ITSN,27,binding_z,1.0,0.0
ITSN,28,is_charged,0.5196,0.151641
ITSN,28,is_polar,-0.2739,0.475797
ITSN,28,af3_mean_pae_to_gtpase,0.4,0.286105
ITSN,28,af3_min_pae_to_gtpase,0.41,0.27303
ITSN,28,af3_plddt,-0.45,0.224216
ITSN,28,af3_mean_pae_to_hotspots,0.4667,0.205386
ITSN,28,af3_mean_pae_to_switches,0.5167,0.15439
ITSN,28,binding_z,1.0,0.0
ITSN,29,is_charged,0.0,1.0
ITSN,29,min_dist_gtpase,0.0,1.0
ITSN,29,mean_contact_dist,0.0,1.0
ITSN,29,af3_max_cp_to_gtpase,0.0,1.0
ITSN,29,af3_mean_cp_to_gtpase,0.0,1.0
ITSN,29,af3_mean_pae_to_gtpase,0.3,0.432845
ITSN,29,af3_min_pae_to_gtpase,0.2092,0.589047
ITSN,29,af3_plddt,-0.3667,0.33174
ITSN,29,af3_mean_pae_to_hotspots,0.4,0.286105
ITSN,29,af3_mean_pae_to_switches,0.45,0.224216
ITSN,29,binding_z,1.0,0.0
ITSN,30,is_charged,0.6062,0.083533
ITSN,30,is_polar,0.2739,0.475797
ITSN,30,n_contacts_8.0,0.0,1.0
ITSN,30,n_contacts_switch_I,0.0,1.0
ITSN,30,min_dist_gtpase,-0.3651,0.333899
ITSN,30,mean_contact_dist,-0.3651,0.333899
ITSN,30,af3_max_cp_to_gtpase,0.3651,0.333899
ITSN,30,af3_mean_cp_to_gtpase,0.3651,0.333899
ITSN,30,af3_mean_pae_to_gtpase,0.3,0.432845
ITSN,30,af3_min_pae_to_gtpase,0.1667,0.668231
ITSN,30,af3_plddt,-0.1833,0.63682
ITSN,30,af3_mean_pae_to_hotspots,0.3667,0.33174
ITSN,30,af3_mean_pae_to_switches,0.25,0.51649
ITSN,30,binding_z,1.0,0.0
ITSN,31,is_charged,0.2598,0.499599
ITSN,31,min_dist_gtpase,0.0,1.0
ITSN,31,mean_contact_dist,0.0,1.0
ITSN,31,af3_mean_pae_to_gtpase,0.3167,0.406397
ITSN,31,af3_min_pae_to_gtpase,0.1333,0.732368
ITSN,31,af3_plddt,-0.55,0.124977
ITSN,31,af3_mean_pae_to_hotspots,0.3667,0.33174
ITSN,31,af3_mean_pae_to_switches,0.3667,0.33174
ITSN,31,binding_z,1.0,0.0
ITSN,32,is_charged,-0.0913,0.815318
ITSN,32,is_polar,-0.5477,0.12687
ITSN,32,min_dist_gtpase,0.0,1.0
ITSN,32,mean_contact_dist,0.0,1.0
ITSN,32,af3_max_cp_to_gtpase,0.0,1.0
ITSN,32,af3_mean_cp_to_gtpase,0.0,1.0
ITSN,32,af3_mean_pae_to_gtpase,0.1667,0.668231
ITSN,32,af3_min_pae_to_gtpase,0.1333,0.732368
ITSN,32,af3_plddt,-0.2167,0.575515
ITSN,32,af3_mean_pae_to_hotspots,0.2,0.605901
ITSN,32,af3_mean_pae_to_switches,0.25,0.51649
ITSN,32,binding_z,1.0,0.0
ITSN,33,is_charged,0.0866,0.824674
ITSN,33,is_polar,-0.207,0.593036
ITSN,33,af3_max_cp_to_gtpase,0.414,0.26792
ITSN,33,af3_mean_cp_to_gtpase,0.414,0.26792
ITSN,33,af3_mean_pae_to_gtpase,0.1167,0.765008
ITSN,33,af3_min_pae_to_gtpase,0.0921,0.813794
ITSN,33,af3_plddt,-0.3167,0.406397
ITSN,33,af3_mean_pae_to_hotspots,0.1333,0.732368
ITSN,33,af3_mean_pae_to_switches,0.1833,0.63682
ITSN,33,binding_z,1.0,0.0
ITSN,34,is_charged,0.7794,0.013274
ITSN,34,is_polar,-0.1369,0.725369
ITSN,34,is_aromatic,-0.1369,0.725369
ITSN,34,af3_max_cp_to_gtpase,0.5477,0.12687
ITSN,34,af3_mean_cp_to_gtpase,0.5477,0.12687
ITSN,34,af3_mean_pae_to_gtpase,0.2667,0.487922
ITSN,34,af3_min_pae_to_gtpase,0.0667,0.86469
ITSN,34,af3_plddt,-0.1333,0.732368
ITSN,34,af3_mean_pae_to_hotspots,0.2333,0.545699
ITSN,34,af3_mean_pae_to_switches,0.2167,0.575515
ITSN,34,binding_z,1.0,0.0
ITSN,35,is_charged,-0.3464,0.361113
ITSN,35,is_polar,0.433,0.244341
ITSN,35,af3_max_cp_to_gtpase,0.5477,0.12687
ITSN,35,af3_mean_cp_to_gtpase,0.5477,0.12687
ITSN,35,af3_mean_pae_to_gtpase,0.2667,0.487922
ITSN,35,af3_min_pae_to_gtpase,0.1833,0.63682
ITSN,35,af3_plddt,-0.1333,0.732368
ITSN,35,af3_mean_pae_to_hotspots,0.25,0.51649
ITSN,35,af3_mean_pae_to_switches,0.1833,0.63682
ITSN,35,binding_z,1.0,0.0
ITSN,36,is_charged,-0.3651,0.333899
ITSN,36,af3_mean_pae_to_gtpase,0.2333,0.545699
ITSN,36,af3_min_pae_to_gtpase,0.25,0.51649
ITSN,36,af3_plddt,0.0333,0.932157
ITSN,36,af3_mean_pae_to_hotspots,0.3833,0.308495
ITSN,36,af3_mean_pae_to_switches,0.25,0.51649
ITSN,36,binding_z,1.0,0.0
ITSN,37,is_charged,0.1035,0.791005
ITSN,37,is_polar,0.5477,0.12687
ITSN,37,af3_max_cp_to_gtpase,0.5477,0.12687
ITSN,37,af3_mean_cp_to_gtpase,0.5477,0.12687
ITSN,37,af3_mean_pae_to_gtpase,0.3333,0.380713
ITSN,37,af3_min_pae_to_gtpase,0.2833,0.46003
ITSN,37,af3_plddt,-0.0167,0.966055
ITSN,37,af3_mean_pae_to_hotspots,0.3333,0.380713
ITSN,37,af3_mean_pae_to_switches,0.2667,0.487922
ITSN,37,binding_z,1.0,0.0
ITSN,38,is_charged,0.0,1.0
ITSN,38,is_polar,-0.5477,0.12687
ITSN,38,af3_mean_pae_to_gtpase,0.15,0.700094
ITSN,38,af3_min_pae_to_gtpase,0.15,0.700094
ITSN,38,af3_plddt,0.2333,0.545699
ITSN,38,af3_mean_pae_to_hotspots,0.2333,0.545699
ITSN,38,af3_mean_pae_to_switches,0.15,0.700094
ITSN,38,binding_z,1.0,0.0
ITSN,39,is_charged,0.0913,0.815318
ITSN,39,is_polar,-0.1035,0.791005
ITSN,39,af3_mean_pae_to_gtpase,0.0,1.0
ITSN,39,af3_min_pae_to_gtpase,-0.1667,0.668231
ITSN,39,af3_plddt,0.2167,0.575515
ITSN,39,af3_mean_pae_to_hotspots,-0.0667,0.86469
ITSN,39,af3_mean_pae_to_switches,-0.0667,0.86469
ITSN,39,binding_z,1.0,0.0
ITSN,40,is_charged,0.6211,0.074253
ITSN,40,is_polar,-0.7246,0.027239
ITSN,40,af3_mean_pae_to_gtpase,-0.1333,0.732368
ITSN,40,af3_min_pae_to_gtpase,-0.2333,0.545699
ITSN,40,af3_plddt,0.6333,0.067086
ITSN,40,af3_mean_pae_to_hotspots,-0.1333,0.732368
ITSN,40,af3_mean_pae_to_switches,-0.2333,0.545699
ITSN,40,binding_z,1.0,0.0
ITSN,41,is_charged,-0.0866,0.824674
ITSN,41,is_polar,-0.207,0.593036
ITSN,41,is_aromatic,0.2739,0.475797
ITSN,41,af3_max_cp_to_gtpase,0.5477,0.12687
ITSN,41,af3_mean_cp_to_gtpase,0.5477,0.12687
ITSN,41,af3_mean_pae_to_gtpase,-0.2333,0.545699
ITSN,41,af3_min_pae_to_gtpase,-0.2333,0.545699
ITSN,41,af3_plddt,0.5833,0.099186
ITSN,41,af3_mean_pae_to_hotspots,-0.3,0.432845
ITSN,41,af3_mean_pae_to_switches,-0.2333,0.545699
ITSN,41,binding_z,1.0,0.0
ITSN,42,is_charged,0.0,1.0
ITSN,42,is_polar,-0.5175,0.153564
ITSN,42,af3_mean_pae_to_gtpase,-0.15,0.700094
ITSN,42,af3_min_pae_to_gtpase,-0.2,0.605901
ITSN,42,af3_plddt,0.1833,0.63682
ITSN,42,af3_mean_pae_to_hotspots,-0.2333,0.545699
ITSN,42,af3_mean_pae_to_switches,-0.2333,0.545699
ITSN,42,binding_z,1.0,0.0
ITSN,43,is_charged,-0.6062,0.083533
ITSN,43,is_polar,0.7246,0.027239
ITSN,43,af3_mean_pae_to_gtpase,-0.15,0.700094
ITSN,43,af3_min_pae_to_gtpase,-0.15,0.700094
ITSN,43,af3_plddt,0.65,0.058073
ITSN,43,af3_mean_pae_to_hotspots,-0.15,0.700094
ITSN,43,af3_mean_pae_to_switches,-0.15,0.700094
ITSN,43,binding_z,1.0,0.0
ITSN,44,is_charged,0.1732,0.655852
ITSN,44,is_polar,0.1369,0.725369
ITSN,44,af3_mean_pae_to_gtpase,0.0,1.0
ITSN,44,af3_min_pae_to_gtpase,-0.1,0.797972
ITSN,44,af3_plddt,0.0333,0.932157
ITSN,44,af3_mean_pae_to_hotspots,-0.05,0.898353
ITSN,44,af3_mean_pae_to_switches,-0.1,0.797972
ITSN,44,binding_z,1.0,0.0
ITSN,45,is_charged,-0.639,0.063924
ITSN,45,is_polar,0.866,0.002536
ITSN,45,is_aromatic,0.5477,0.12687
ITSN,45,af3_max_cp_to_gtpase,0.5477,0.12687
ITSN,45,af3_mean_cp_to_gtpase,0.5477,0.12687
ITSN,45,af3_mean_pae_to_gtpase,0.0,1.0
ITSN,45,af3_min_pae_to_gtpase,-0.1,0.797972
ITSN,45,af3_plddt,0.3833,0.308495
ITSN,45,af3_mean_pae_to_hotspots,0.0,1.0
ITSN,45,af3_mean_pae_to_switches,0.0,1.0
ITSN,45,binding_z,1.0,0.0
ITSN,46,is_charged,-0.8216,0.006603
ITSN,46,af3_mean_pae_to_gtpase,0.1,0.797972
ITSN,46,af3_min_pae_to_gtpase,-0.0502,0.897928
ITSN,46,af3_plddt,0.5,0.170471
ITSN,46,af3_mean_pae_to_hotspots,0.1,0.797972
ITSN,46,af3_mean_pae_to_switches,0.1,0.797972
ITSN,46,binding_z,1.0,0.0
ITSN,47,is_charged,-0.2739,0.475797
ITSN,47,is_polar,0.0,1.0
ITSN,47,af3_mean_pae_to_gtpase,0.1,0.797972
ITSN,47,af3_min_pae_to_gtpase,0.0333,0.932157
ITSN,47,af3_plddt,0.7833,0.01252
ITSN,47,af3_mean_pae_to_hotspots,0.1333,0.732368
ITSN,47,af3_mean_pae_to_switches,0.1333,0.732368
ITSN,47,binding_z,1.0,0.0
ITSN,48,is_charged,-0.1369,0.725369
ITSN,48,is_polar,0.5175,0.153564
ITSN,48,af3_max_cp_to_gtpase,0.5477,0.12687
ITSN,48,af3_mean_cp_to_gtpase,0.5477,0.12687
ITSN,48,af3_mean_pae_to_gtpase,0.2333,0.545699
ITSN,48,af3_min_pae_to_gtpase,0.2333,0.545699
ITSN,48,af3_plddt,0.3333,0.380713
ITSN,48,af3_mean_pae_to_hotspots,0.1,0.797972
ITSN,48,af3_mean_pae_to_switches,0.2333,0.545699
ITSN,48,binding_z,1.0,0.0
ITSN,49,is_charged,-0.433,0.244341
ITSN,49,is_polar,-0.1369,0.725369
ITSN,49,is_aromatic,-0.1369,0.725369
ITSN,49,af3_mean_pae_to_gtpase,0.1,0.797972
ITSN,49,af3_min_pae_to_gtpase,0.1333,0.732368
ITSN,49,af3_plddt,0.1667,0.668231
ITSN,49,af3_mean_pae_to_hotspots,0.1,0.797972
ITSN,49,af3_mean_pae_to_switches,0.1,0.797972
ITSN,49,binding_z,1.0,0.0
ITSN,50,is_charged,-0.5175,0.153564
ITSN,50,af3_mean_pae_to_gtpase,0.1,0.797972
ITSN,50,af3_min_pae_to_gtpase,0.1004,0.797139
ITSN,50,af3_plddt,0.45,0.224216
ITSN,50,af3_mean_pae_to_hotspots,0.1333,0.732368
ITSN,50,af3_mean_pae_to_switches,0.0667,0.86469
ITSN,50,binding_z,1.0,0.0
ITSN,51,is_charged,0.433,0.244341
ITSN,51,af3_mean_pae_to_gtpase,0.2333,0.545699
ITSN,51,af3_min_pae_to_gtpase,0.2667,0.487922
ITSN,51,af3_plddt,0.5333,0.139227
ITSN,51,af3_mean_pae_to_hotspots,0.1,0.797972
ITSN,51,af3_mean_pae_to_switches,0.2333,0.545699
ITSN,51,binding_z,1.0,0.0
ITSN,52,is_charged,0.0913,0.815318
ITSN,52,is_polar,0.5477,0.12687
ITSN,52,af3_mean_pae_to_gtpase,0.2667,0.487922
ITSN,52,af3_min_pae_to_gtpase,0.3667,0.33174
ITSN,52,af3_plddt,-0.4333,0.243952
ITSN,52,af3_mean_pae_to_hotspots,0.2333,0.545699
ITSN,52,af3_mean_pae_to_switches,0.251,0.514674
ITSN,52,binding_z,1.0,0.0
ITSN,53,is_charged,-0.5477,0.12687
ITSN,53,af3_mean_pae_to_gtpase,0.3333,0.380713
ITSN,53,af3_min_pae_to_gtpase,0.2667,0.487922
ITSN,53,af3_plddt,0.3833,0.308495
ITSN,53,af3_mean_pae_to_hotspots,0.3333,0.380713
ITSN,53,af3_mean_pae_to_switches,0.2667,0.487922
ITSN,53,binding_z,1.0,0.0
ITSN,54,is_charged,-0.433,0.244341
ITSN,54,af3_max_cp_to_gtpase,0.1369,0.725369
ITSN,54,af3_mean_cp_to_gtpase,0.1369,0.725369
ITSN,54,af3_mean_pae_to_gtpase,0.3333,0.380713
ITSN,54,af3_min_pae_to_gtpase,0.2667,0.487922
ITSN,54,af3_plddt,0.65,0.058073
ITSN,54,af3_mean_pae_to_hotspots,0.2667,0.487922
ITSN,54,af3_mean_pae_to_switches,0.3333,0.380713
ITSN,54,binding_z,1.0,0.0
ITSN,55,is_charged,0.207,0.593036
ITSN,55,is_polar,-0.4108,0.272071
ITSN,55,af3_mean_pae_to_gtpase,0.3667,0.33174
ITSN,55,af3_min_pae_to_gtpase,0.3,0.432845
ITSN,55,af3_plddt,0.0333,0.932157
ITSN,55,af3_mean_pae_to_hotspots,0.3333,0.380713
ITSN,55,af3_mean_pae_to_switches,0.4,0.286105
ITSN,55,binding_z,1.0,0.0
ITSN,56,is_charged,-0.5196,0.151641
ITSN,56,is_polar,0.5477,0.12687
ITSN,56,af3_mean_pae_to_gtpase,0.3333,0.380713
ITSN,56,af3_min_pae_to_gtpase,0.3333,0.380713
ITSN,56,af3_plddt,-0.05,0.898353
ITSN,56,af3_mean_pae_to_hotspots,0.3333,0.380713
ITSN,56,af3_mean_pae_to_switches,0.3667,0.33174
ITSN,56,binding_z,1.0,0.0
ITSN,57,is_charged,-0.5477,0.12687
ITSN,57,is_polar,0.2739,0.475797
ITSN,57,is_aromatic,0.2739,0.475797
ITSN,57,af3_mean_pae_to_gtpase,0.3667,0.33174
ITSN,57,af3_min_pae_to_gtpase,0.251,0.514674
ITSN,57,af3_plddt,0.0333,0.932157
ITSN,57,af3_mean_pae_to_hotspots,0.3333,0.380713
ITSN,57,af3_mean_pae_to_switches,0.3333,0.380713
ITSN,57,binding_z,1.0,0.0
ITSN,58,is_charged,-0.2739,0.475797
ITSN,58,is_polar,0.1369,0.725369
ITSN,58,af3_max_cp_to_gtpase,0.1369,0.725369
ITSN,58,af3_mean_cp_to_gtpase,0.1369,0.725369
ITSN,58,af3_mean_pae_to_gtpase,0.3333,0.380713
ITSN,58,af3_min_pae_to_gtpase,0.2333,0.545699
ITSN,58,af3_plddt,0.6,0.087623
ITSN,58,af3_mean_pae_to_hotspots,0.3667,0.33174
ITSN,58,af3_mean_pae_to_switches,0.3333,0.380713
ITSN,58,binding_z,1.0,0.0
ITSN,59,is_charged,0.2739,0.475797
ITSN,59,af3_mean_pae_to_gtpase,0.4,0.286105
ITSN,59,af3_min_pae_to_gtpase,0.318,0.404323
ITSN,59,af3_plddt,-0.1833,0.63682
ITSN,59,af3_mean_pae_to_hotspots,0.5333,0.139227
ITSN,59,af3_mean_pae_to_switches,0.4833,0.18747
ITSN,59,binding_z,1.0,0.0
ITSN,60,is_charged,-0.7794,0.013274
ITSN,60,is_polar,0.4108,0.272071
ITSN,60,is_aromatic,-0.1369,0.725369
ITSN,60,af3_mean_pae_to_gtpase,0.5,0.170471
ITSN,60,af3_min_pae_to_gtpase,0.3264,0.39136
ITSN,60,af3_plddt,-0.15,0.700094
ITSN,60,af3_mean_pae_to_hotspots,0.5333,0.139227
ITSN,60,af3_mean_pae_to_switches,0.4833,0.18747
ITSN,60,binding_z,1.0,0.0
ITSN,61,is_charged,-0.5196,0.151641
ITSN,61,is_polar,-0.2739,0.475797
ITSN,61,is_aromatic,-0.2739,0.475797
ITSN,61,af3_max_cp_to_gtpase,0.1369,0.725369
ITSN,61,af3_mean_cp_to_gtpase,0.1369,0.725369
ITSN,61,af3_mean_pae_to_gtpase,0.45,0.224216
ITSN,61,af3_min_pae_to_gtpase,0.3333,0.380713
ITSN,61,af3_plddt,0.3833,0.308495
ITSN,61,af3_mean_pae_to_hotspots,0.5,0.170471
ITSN,61,af3_mean_pae_to_switches,0.4667,0.205386
ITSN,61,binding_z,1.0,0.0
ITSN,62,is_charged,0.5196,0.151641
ITSN,62,is_aromatic,0.4108,0.272071
ITSN,62,af3_mean_pae_to_gtpase,0.5,0.170471
ITSN,62,af3_min_pae_to_gtpase,0.2833,0.46003
ITSN,62,af3_plddt,0.2333,0.545699
ITSN,62,af3_mean_pae_to_hotspots,0.4833,0.18747
ITSN,62,af3_mean_pae_to_switches,0.5,0.170471
ITSN,62,binding_z,1.0,0.0
ITSN,63,is_charged,-0.866,0.002536
ITSN,63,is_polar,0.414,0.26792
ITSN,63,is_aromatic,0.1369,0.725369
ITSN,63,af3_mean_pae_to_gtpase,0.5167,0.15439
ITSN,63,af3_min_pae_to_gtpase,0.3849,0.306299
ITSN,63,af3_plddt,-0.5333,0.139227
ITSN,63,af3_mean_pae_to_hotspots,0.5,0.170471
ITSN,63,af3_mean_pae_to_switches,0.4333,0.243952
ITSN,63,binding_z,1.0,0.0
ITSN,64,is_charged,-0.2739,0.475797
ITSN,64,af3_mean_pae_to_gtpase,0.4833,0.18747
ITSN,64,af3_min_pae_to_gtpase,0.395,0.292769
ITSN,64,af3_plddt,0.3,0.432845
ITSN,64,af3_mean_pae_to_hotspots,0.5,0.170471
ITSN,64,af3_mean_pae_to_switches,0.4833,0.18747
ITSN,64,binding_z,1.0,0.0
ITSN,65,is_charged,0.0913,0.815318
ITSN,65,is_polar,0.1369,0.725369
ITSN,65,af3_mean_pae_to_gtpase,0.5,0.170471
ITSN,65,af3_min_pae_to_gtpase,0.5167,0.15439
ITSN,65,af3_plddt,0.2167,0.575515
ITSN,65,af3_mean_pae_to_hotspots,0.5,0.170471
ITSN,65,af3_mean_pae_to_switches,0.5,0.170471
ITSN,65,binding_z,1.0,0.0
ITSN,66,is_charged,0.7794,0.013274
ITSN,66,af3_mean_pae_to_gtpase,0.4667,0.205386
ITSN,66,af3_min_pae_to_gtpase,0.5167,0.15439
ITSN,66,af3_plddt,0.0667,0.86469
ITSN,66,af3_mean_pae_to_hotspots,0.4667,0.205386
ITSN,66,af3_mean_pae_to_switches,0.4667,0.205386
ITSN,66,binding_z,1.0,0.0
ITSN,67,is_charged,0.1732,0.655852
ITSN,67,is_polar,-0.5477,0.12687
ITSN,67,is_aromatic,-0.1369,0.725369
ITSN,67,af3_mean_pae_to_gtpase,0.4667,0.205386
ITSN,67,af3_min_pae_to_gtpase,0.4667,0.205386
ITSN,67,af3_plddt,-0.1167,0.765008
ITSN,67,af3_mean_pae_to_hotspots,0.4,0.286105
ITSN,67,af3_mean_pae_to_switches,0.4667,0.205386
ITSN,67,binding_z,1.0,0.0
ITSN,68,is_charged,-0.866,0.002536
ITSN,68,min_dist_gtpase,0.2739,0.475797
ITSN,68,mean_contact_dist,0.2739,0.475797
ITSN,68,af3_max_cp_to_gtpase,-0.2739,0.475797
ITSN,68,af3_mean_cp_to_gtpase,-0.2739,0.475797
ITSN,68,af3_mean_pae_to_gtpase,0.4333,0.243952
ITSN,68,af3_min_pae_to_gtpase,0.5,0.170471
ITSN,68,af3_plddt,0.2667,0.487922
ITSN,68,af3_mean_pae_to_hotspots,0.4333,0.243952
ITSN,68,af3_mean_pae_to_switches,0.4333,0.243952
ITSN,68,binding_z,1.0,0.0
ITSN,69,is_charged,0.2739,0.475797
ITSN,69,is_polar,0.0,1.0
ITSN,69,is_aromatic,-0.2739,0.475797
ITSN,69,min_dist_gtpase,0.2739,0.475797
ITSN,69,mean_contact_dist,0.2739,0.475797
ITSN,69,af3_max_cp_to_gtpase,-0.2739,0.475797
ITSN,69,af3_mean_cp_to_gtpase,-0.2739,0.475797
ITSN,69,af3_mean_pae_to_gtpase,0.3833,0.308495
ITSN,69,af3_min_pae_to_gtpase,0.5607,0.116327
ITSN,69,af3_plddt,0.35,0.35582
ITSN,69,af3_mean_pae_to_hotspots,0.4333,0.243952
ITSN,69,af3_mean_pae_to_switches,0.4167,0.264586
ITSN,69,binding_z,1.0,0.0
ITSN,70,is_charged,-0.2739,0.475797
ITSN,70,is_polar,0.3105,0.416049
ITSN,70,is_aromatic,-0.1369,0.725369
ITSN,70,n_contacts_8.0,-0.2739,0.475797
ITSN,70,n_contacts_switch_I,-0.2739,0.475797
ITSN,70,min_dist_gtpase,0.2739,0.475797
ITSN,70,mean_contact_dist,0.2739,0.475797
ITSN,70,af3_max_cp_to_gtpase,-0.2739,0.475797
ITSN,70,af3_mean_cp_to_gtpase,-0.2739,0.475797
ITSN,70,af3_mean_pae_to_gtpase,0.35,0.35582
ITSN,70,af3_min_pae_to_gtpase,0.3933,0.29499
ITSN,70,af3_plddt,-0.4333,0.243952
ITSN,70,af3_mean_pae_to_hotspots,0.3333,0.380713
ITSN,70,af3_mean_pae_to_switches,0.3333,0.380713
ITSN,70,binding_z,1.0,0.0
ITSN,71,is_charged,0.0866,0.824674
ITSN,71,is_aromatic,-0.1369,0.725369
ITSN,71,n_contacts_8.0,-0.2739,0.475797
ITSN,71,n_contacts_switch_I,-0.2739,0.475797
ITSN,71,min_dist_gtpase,0.2739,0.475797
ITSN,71,mean_contact_dist,0.2739,0.475797
ITSN,71,af3_max_cp_to_gtpase,-0.2739,0.475797
ITSN,71,af3_mean_cp_to_gtpase,-0.2739,0.475797
ITSN,71,af3_mean_pae_to_gtpase,0.3333,0.380713
ITSN,71,af3_min_pae_to_gtpase,0.55,0.124977
ITSN,71,af3_plddt,0.0167,0.966055
ITSN,71,af3_mean_pae_to_hotspots,0.3667,0.33174
ITSN,71,af3_mean_pae_to_switches,0.3667,0.33174
ITSN,71,binding_z,1.0,0.0
ITSN,72,is_charged,-0.433,0.244341
ITSN,72,is_polar,0.1035,0.791005
ITSN,72,is_aromatic,0.0,1.0
ITSN,72,n_contacts_5.5,-0.2739,0.475797
ITSN,72,n_contacts_8.0,-0.2739,0.475797
ITSN,72,n_contacts_switch_I,-0.2739,0.475797
ITSN,72,min_dist_gtpase,0.2739,0.475797
ITSN,72,mean_contact_dist,0.2739,0.475797
ITSN,72,af3_max_cp_to_gtpase,-0.2739,0.475797
ITSN,72,af3_mean_cp_to_gtpase,-0.2739,0.475797
ITSN,72,af3_mean_pae_to_gtpase,0.4333,0.243952
ITSN,72,af3_min_pae_to_gtpase,0.5333,0.139227
ITSN,72,af3_plddt,-0.2167,0.575515
ITSN,72,af3_mean_pae_to_hotspots,0.35,0.35582
ITSN,72,af3_mean_pae_to_switches,0.4,0.286105
ITSN,72,binding_z,1.0,0.0
ITSN,73,is_charged,-0.2598,0.499599
ITSN,73,n_contacts_8.0,-0.2739,0.475797
ITSN,73,n_contacts_switch_I,-0.2739,0.475797
ITSN,73,min_dist_gtpase,0.2739,0.475797
ITSN,73,mean_contact_dist,0.2739,0.475797
ITSN,73,af3_max_cp_to_gtpase,-0.5934,0.09212
ITSN,73,af3_mean_cp_to_gtpase,-0.5934,0.09212
ITSN,73,af3_mean_pae_to_gtpase,0.2333,0.545699
ITSN,73,af3_min_pae_to_gtpase,0.318,0.404323
ITSN,73,af3_plddt,-0.0667,0.86469
ITSN,73,af3_mean_pae_to_hotspots,0.3,0.432845
ITSN,73,af3_mean_pae_to_switches,0.3333,0.380713
ITSN,73,binding_z,1.0,0.0
ITSN,74,is_charged,-0.1732,0.655852
ITSN,74,min_dist_gtpase,0.2739,0.475797
ITSN,74,mean_contact_dist,0.2739,0.475797
ITSN,74,af3_max_cp_to_gtpase,-0.2739,0.475797
ITSN,74,af3_mean_cp_to_gtpase,-0.2739,0.475797
ITSN,74,af3_mean_pae_to_gtpase,0.4333,0.243952
ITSN,74,af3_min_pae_to_gtpase,0.65,0.058073
ITSN,74,af3_plddt,-0.1333,0.732368
ITSN,74,af3_mean_pae_to_hotspots,0.4,0.286105
ITSN,74,af3_mean_pae_to_switches,0.4333,0.243952
ITSN,74,binding_z,1.0,0.0
ITSN,75,is_charged,0.1732,0.655852
ITSN,75,is_polar,0.1369,0.725369
ITSN,75,min_dist_gtpase,0.2739,0.475797
ITSN,75,mean_contact_dist,0.2739,0.475797
ITSN,75,af3_mean_pae_to_gtpase,0.55,0.124977
ITSN,75,af3_min_pae_to_gtpase,0.6778,0.044809
ITSN,75,af3_plddt,-0.2333,0.545699
ITSN,75,af3_mean_pae_to_hotspots,0.4333,0.243952
ITSN,75,af3_mean_pae_to_switches,0.6,0.087623
ITSN,75,binding_z,1.0,0.0
ITSN,76,is_charged,-0.639,0.063924
ITSN,76,is_polar,0.1369,0.725369
ITSN,76,min_dist_gtpase,0.2739,0.475797
ITSN,76,mean_contact_dist,0.2739,0.475797
ITSN,76,af3_max_cp_to_gtpase,-0.2739,0.475797
ITSN,76,af3_mean_cp_to_gtpase,-0.2739,0.475797
ITSN,76,af3_mean_pae_to_gtpase,0.5,0.170471
ITSN,76,af3_min_pae_to_gtpase,0.6833,0.042442
ITSN,76,af3_plddt,-0.15,0.700094
ITSN,76,af3_mean_pae_to_hotspots,0.6167,0.076929
ITSN,76,af3_mean_pae_to_switches,0.6167,0.076929
ITSN,76,binding_z,1.0,0.0
ITSN,77,is_charged,-0.2598,0.499599
ITSN,77,is_polar,0.6211,0.074253
ITSN,77,is_aromatic,0.2739,0.475797
ITSN,77,min_dist_gtpase,0.2739,0.475797
ITSN,77,mean_contact_dist,0.2739,0.475797
ITSN,77,af3_max_cp_to_gtpase,0.1035,0.791005
ITSN,77,af3_mean_cp_to_gtpase,0.1035,0.791005
ITSN,77,af3_mean_pae_to_gtpase,0.5833,0.099186
ITSN,77,af3_min_pae_to_gtpase,0.6667,0.049867
ITSN,77,af3_plddt,-0.2167,0.575515
ITSN,77,af3_mean_pae_to_hotspots,0.55,0.124977
ITSN,77,af3_mean_pae_to_switches,0.55,0.124977
ITSN,77,binding_z,1.0,0.0
ITSN,78,is_charged,-0.0913,0.815318
ITSN,78,is_polar,0.1035,0.791005
ITSN,78,is_aromatic,-0.2739,0.475797
ITSN,78,min_dist_gtpase,0.4108,0.272071
ITSN,78,mean_contact_dist,0.4108,0.272071
ITSN,78,af3_max_cp_to_gtpase,0.4108,0.272071
ITSN,78,af3_mean_cp_to_gtpase,0.4108,0.272071
ITSN,78,af3_mean_pae_to_gtpase,0.5833,0.099186
ITSN,78,af3_min_pae_to_gtpase,0.7029,0.03467
ITSN,78,af3_plddt,-0.1,0.797972
ITSN,78,af3_mean_pae_to_hotspots,0.55,0.124977
ITSN,78,af3_mean_pae_to_switches,0.6667,0.049867
ITSN,78,binding_z,1.0,0.0
ITSN,79,is_charged,0.1035,0.791005
ITSN,79,is_polar,0.5477,0.12687
ITSN,79,is_aromatic,0.0,1.0
ITSN,79,af3_max_cp_to_gtpase,0.414,0.26792
ITSN,79,af3_mean_cp_to_gtpase,0.4336,0.243613
ITSN,79,af3_mean_pae_to_gtpase,0.5833,0.099186
ITSN,79,af3_min_pae_to_gtpase,0.7167,0.029818
ITSN,79,af3_plddt,-0.4667,0.205386
ITSN,79,af3_mean_pae_to_hotspots,0.5833,0.099186
ITSN,79,af3_mean_pae_to_switches,0.5833,0.099186
ITSN,79,binding_z,1.0,0.0
ITSN,80,is_charged,-0.5477,0.12687
ITSN,80,is_aromatic,0.2739,0.475797
ITSN,80,af3_max_cp_to_gtpase,0.0685,0.861067
ITSN,80,af3_mean_cp_to_gtpase,0.0685,0.861067
ITSN,80,af3_mean_pae_to_gtpase,0.5333,0.139227
ITSN,80,af3_min_pae_to_gtpase,0.6303,0.06883
ITSN,80,af3_plddt,-0.5833,0.099186
ITSN,80,af3_mean_pae_to_hotspots,0.55,0.124977
ITSN,80,af3_mean_pae_to_switches,0.55,0.124977
ITSN,80,binding_z,1.0,0.0
ITSN,81,is_charged,0.0913,0.815318
ITSN,81,af3_max_cp_to_gtpase,-0.0685,0.861067
ITSN,81,af3_mean_cp_to_gtpase,-0.0685,0.861067
ITSN,81,af3_mean_pae_to_gtpase,0.55,0.124977
ITSN,81,af3_min_pae_to_gtpase,0.5833,0.099186
ITSN,81,af3_plddt,0.0167,0.966055
ITSN,81,af3_mean_pae_to_hotspots,0.6,0.087623
ITSN,81,af3_mean_pae_to_switches,0.6,0.087623
ITSN,81,binding_z,1.0,0.0
ITSN,82,is_charged,0.3464,0.361113
ITSN,82,min_dist_gtpase,-0.0685,0.861067
ITSN,82,mean_contact_dist,-0.0685,0.861067
ITSN,82,af3_max_cp_to_gtpase,0.0,1.0
ITSN,82,af3_mean_cp_to_gtpase,0.0685,0.861067
ITSN,82,af3_mean_pae_to_gtpase,0.5833,0.099186
ITSN,82,af3_min_pae_to_gtpase,0.6,0.087623
ITSN,82,af3_plddt,-0.0833,0.831214
ITSN,82,af3_mean_pae_to_hotspots,0.6,0.087623
ITSN,82,af3_mean_pae_to_switches,0.6,0.087623
ITSN,82,binding_z,1.0,0.0
ITSN,83,is_charged,0.2739,0.475797
ITSN,83,is_polar,-0.1369,0.725369
ITSN,83,min_dist_gtpase,-0.4108,0.272071
ITSN,83,mean_contact_dist,-0.4108,0.272071
ITSN,83,af3_max_cp_to_gtpase,0.0,1.0
ITSN,83,af3_mean_cp_to_gtpase,-0.0685,0.861067
ITSN,83,af3_mean_pae_to_gtpase,0.4833,0.18747
ITSN,83,af3_min_pae_to_gtpase,0.569,0.109804
ITSN,83,af3_plddt,-0.3833,0.308495
ITSN,83,af3_mean_pae_to_hotspots,0.55,0.124977
ITSN,83,af3_mean_pae_to_switches,0.55,0.124977
ITSN,83,binding_z,1.0,0.0
ITSN,84,is_charged,-0.5196,0.151641
ITSN,84,is_polar,0.4108,0.272071
ITSN,84,is_aromatic,-0.4108,0.272071
ITSN,84,af3_max_cp_to_gtpase,-0.4108,0.272071
ITSN,84,af3_mean_cp_to_gtpase,-0.4108,0.272071
ITSN,84,af3_mean_pae_to_gtpase,0.4667,0.205386
ITSN,84,af3_min_pae_to_gtpase,0.55,0.124977
ITSN,84,af3_plddt,0.0833,0.831214
ITSN,84,af3_mean_pae_to_hotspots,0.55,0.124977
ITSN,84,af3_mean_pae_to_switches,0.5333,0.139227
ITSN,84,binding_z,1.0,0.0
ITSN,85,is_charged,-0.2598,0.499599
ITSN,85,min_dist_gtpase,-0.4108,0.272071
ITSN,85,mean_contact_dist,-0.4108,0.272071
ITSN,85,af3_max_cp_to_gtpase,0.0,1.0
ITSN,85,af3_mean_cp_to_gtpase,-0.0685,0.861067
ITSN,85,af3_mean_pae_to_gtpase,0.4667,0.205386
ITSN,85,af3_min_pae_to_gtpase,0.55,0.124977
ITSN,85,af3_plddt,0.0833,0.831214
ITSN,85,af3_mean_pae_to_hotspots,0.55,0.124977
ITSN,85,af3_mean_pae_to_switches,0.5333,0.139227
ITSN,85,binding_z,1.0,0.0
ITSN,86,is_charged,-0.1035,0.791005
ITSN,86,is_polar,0.1369,0.725369
ITSN,86,min_dist_gtpase,-0.4108,0.272071
ITSN,86,mean_contact_dist,-0.4108,0.272071
ITSN,86,af3_max_cp_to_gtpase,0.4108,0.272071
ITSN,86,af3_mean_cp_to_gtpase,0.4108,0.272071
ITSN,86,af3_mean_pae_to_gtpase,0.4167,0.264586
ITSN,86,af3_min_pae_to_gtpase,0.477,0.194179
ITSN,86,af3_plddt,-0.1167,0.765008
ITSN,86,af3_mean_pae_to_hotspots,0.4333,0.243952
ITSN,86,af3_mean_pae_to_switches,0.4167,0.264586
ITSN,86,binding_z,1.0,0.0
ITSN,87,is_charged,-0.1732,0.655852
ITSN,87,is_polar,0.0,1.0
ITSN,87,af3_mean_pae_to_gtpase,0.4167,0.264586
ITSN,87,af3_min_pae_to_gtpase,0.4667,0.205386
ITSN,87,af3_plddt,-0.0333,0.932157
ITSN,87,af3_mean_pae_to_hotspots,0.4333,0.243952
ITSN,87,af3_mean_pae_to_switches,0.4333,0.243952
ITSN,87,binding_z,1.0,0.0
ITSN,88,is_charged,-0.433,0.244341
ITSN,88,is_polar,-0.1369,0.725369
ITSN,88,is_aromatic,-0.1369,0.725369
ITSN,88,af3_max_cp_to_gtpase,-0.4108,0.272071
ITSN,88,af3_mean_cp_to_gtpase,-0.4108,0.272071
ITSN,88,af3_mean_pae_to_gtpase,0.4167,0.264586
ITSN,88,af3_min_pae_to_gtpase,0.4167,0.264586
ITSN,88,af3_plddt,0.2833,0.46003
ITSN,88,af3_mean_pae_to_hotspots,0.4333,0.243952
ITSN,88,af3_mean_pae_to_switches,0.4333,0.243952
ITSN,88,binding_z,1.0,0.0
ITSN,89,is_charged,0.1826,0.63824
ITSN,89,is_polar,0.1369,0.725369
ITSN,89,min_dist_gtpase,-0.4108,0.272071
ITSN,89,mean_contact_dist,-0.4108,0.272071
ITSN,89,af3_max_cp_to_gtpase,0.4108,0.272071
ITSN,89,af3_mean_cp_to_gtpase,0.4108,0.272071
ITSN,89,af3_mean_pae_to_gtpase,0.4167,0.264586
ITSN,89,af3_min_pae_to_gtpase,0.4167,0.264586
ITSN,89,af3_plddt,0.1333,0.732368
ITSN,89,af3_mean_pae_to_hotspots,0.4333,0.243952
ITSN,89,af3_mean_pae_to_switches,0.4167,0.264586
ITSN,89,binding_z,1.0,0.0
ITSN,90,is_charged,-0.0866,0.824674
ITSN,90,is_polar,-0.1369,0.725369
ITSN,90,af3_mean_pae_to_gtpase,0.4167,0.264586
ITSN,90,af3_min_pae_to_gtpase,0.4167,0.264586
ITSN,90,af3_plddt,-0.2833,0.46003
ITSN,90,af3_mean_pae_to_hotspots,0.4333,0.243952
ITSN,90,af3_mean_pae_to_switches,0.4167,0.264586
ITSN,90,binding_z,1.0,0.0
ITSN,91,is_charged,0.0866,0.824674
ITSN,91,is_polar,-0.1369,0.725369
ITSN,91,af3_mean_pae_to_gtpase,0.4167,0.264586
ITSN,91,af3_min_pae_to_gtpase,0.4167,0.264586
ITSN,91,af3_plddt,0.4333,0.243952
ITSN,91,af3_mean_pae_to_hotspots,0.4333,0.243952
ITSN,91,af3_mean_pae_to_switches,0.4167,0.264586
ITSN,91,binding_z,1.0,0.0
ITSN,92,is_charged,0.2598,0.499599
ITSN,92,is_aromatic,-0.1369,0.725369
ITSN,92,af3_max_cp_to_gtpase,0.0,1.0
ITSN,92,af3_mean_cp_to_gtpase,0.0,1.0
ITSN,92,af3_mean_pae_to_gtpase,0.3667,0.33174
ITSN,92,af3_min_pae_to_gtpase,0.3515,0.353666
ITSN,92,af3_plddt,0.55,0.124977
ITSN,92,af3_mean_pae_to_hotspots,0.4333,0.243952
ITSN,92,af3_mean_pae_to_switches,0.3667,0.33174
ITSN,92,binding_z,1.0,0.0
ITSN,93,is_charged,0.2739,0.475797
ITSN,93,is_polar,0.414,0.26792
ITSN,93,af3_mean_pae_to_gtpase,0.3333,0.380713
ITSN,93,af3_min_pae_to_gtpase,0.3667,0.33174
ITSN,93,af3_plddt,-0.3333,0.380713
ITSN,93,af3_mean_pae_to_hotspots,0.3667,0.33174
ITSN,93,af3_mean_pae_to_switches,0.3667,0.33174
ITSN,93,binding_z,1.0,0.0
ITSN,94,is_charged,-0.2739,0.475797
ITSN,94,is_polar,0.1035,0.791005
ITSN,94,af3_mean_pae_to_gtpase,0.3,0.432845
ITSN,94,af3_min_pae_to_gtpase,0.3333,0.380713
ITSN,94,af3_plddt,-0.4,0.286105
ITSN,94,af3_mean_pae_to_hotspots,0.4,0.286105
ITSN,94,af3_mean_pae_to_switches,0.3667,0.33174
ITSN,94,binding_z,1.0,0.0
ITSN,95,is_charged,-0.5477,0.12687
ITSN,95,is_polar,0.3105,0.416049
ITSN,95,min_dist_gtpase,0.0,1.0
ITSN,95,mean_contact_dist,0.0,1.0
ITSN,95,af3_max_cp_to_gtpase,0.0,1.0
ITSN,95,af3_mean_cp_to_gtpase,0.0,1.0
ITSN,95,af3_mean_pae_to_gtpase,0.3,0.432845
ITSN,95,af3_min_pae_to_gtpase,0.3,0.432845
ITSN,95,af3_plddt,0.5667,0.111633
ITSN,95,af3_mean_pae_to_hotspots,0.3,0.432845
ITSN,95,af3_mean_pae_to_switches,0.3,0.432845
ITSN,95,binding_z,1.0,0.0
ITSN,96,is_charged,0.2739,0.475797
ITSN,96,is_polar,-0.1369,0.725369
ITSN,96,af3_max_cp_to_gtpase,0.1369,0.725369
ITSN,96,af3_mean_cp_to_gtpase,0.1369,0.725369
ITSN,96,af3_mean_pae_to_gtpase,0.1667,0.668231
ITSN,96,af3_min_pae_to_gtpase,0.1667,0.668231
ITSN,96,af3_plddt,0.4167,0.264586
ITSN,96,af3_mean_pae_to_hotspots,0.1833,0.63682
ITSN,96,af3_mean_pae_to_switches,0.1667,0.668231
ITSN,96,binding_z,1.0,0.0
ITSN,97,is_charged,-0.6211,0.074253
ITSN,97,is_polar,-0.1369,0.725369
ITSN,97,is_aromatic,-0.1369,0.725369
ITSN,97,af3_mean_pae_to_gtpase,0.1667,0.668231
ITSN,97,af3_min_pae_to_gtpase,0.1667,0.668231
ITSN,97,af3_plddt,-0.0833,0.831214
ITSN,97,af3_mean_pae_to_hotspots,0.1667,0.668231
ITSN,97,af3_mean_pae_to_switches,0.3,0.432845
ITSN,97,binding_z,1.0,0.0
ITSN,98,is_charged,-0.433,0.244341
ITSN,98,min_dist_gtpase,0.0,1.0
ITSN,98,mean_contact_dist,0.0,1.0
ITSN,98,af3_max_cp_to_gtpase,0.0,1.0
ITSN,98,af3_mean_cp_to_gtpase,0.0,1.0
ITSN,98,af3_mean_pae_to_gtpase,0.0667,0.86469
ITSN,98,af3_min_pae_to_gtpase,0.1172,0.764045
ITSN,98,af3_plddt,0.2333,0.545699
ITSN,98,af3_mean_pae_to_hotspots,0.0667,0.86469
ITSN,98,af3_mean_pae_to_switches,0.0667,0.86469
ITSN,98,binding_z,1.0,0.0
ITSN,99,is_charged,-0.414,0.26792
ITSN,99,is_aromatic,0.1369,0.725369
ITSN,99,min_dist_gtpase,0.0,1.0
ITSN,99,mean_contact_dist,0.0,1.0
ITSN,99,af3_max_cp_to_gtpase,0.0,1.0
ITSN,99,af3_mean_cp_to_gtpase,0.0,1.0
ITSN,99,af3_mean_pae_to_gtpase,0.2333,0.545699
ITSN,99,af3_min_pae_to_gtpase,0.0837,0.830515
ITSN,99,af3_plddt,0.6833,0.042442
ITSN,99,af3_mean_pae_to_hotspots,0.1,0.797972
ITSN,99,af3_mean_pae_to_switches,0.2333,0.545699
ITSN,99,binding_z,1.0,0.0
ITSN,100,is_charged,0.0913,0.815318
ITSN,100,is_polar,0.6211,0.074253
ITSN,100,is_aromatic,0.2739,0.475797
ITSN,100,min_dist_gtpase,0.0,1.0
ITSN,100,mean_contact_dist,0.0,1.0
ITSN,100,af3_max_cp_to_gtpase,0.0,1.0
ITSN,100,af3_mean_cp_to_gtpase,0.0,1.0
ITSN,100,af3_mean_pae_to_gtpase,0.1667,0.668231
ITSN,100,af3_min_pae_to_gtpase,-0.0167,0.966055
ITSN,100,af3_plddt,-0.1667,0.668231
ITSN,100,af3_mean_pae_to_hotspots,0.0833,0.831214
ITSN,100,af3_mean_pae_to_switches,0.0833,0.831214
ITSN,100,binding_z,1.0,0.0
ITSN,101,is_charged,-0.433,0.244341
ITSN,101,is_polar,0.207,0.593036
ITSN,101,af3_max_cp_to_gtpase,0.0,1.0
ITSN,101,af3_mean_cp_to_gtpase,0.0,1.0
ITSN,101,af3_mean_pae_to_gtpase,-0.0167,0.966055
ITSN,101,af3_min_pae_to_gtpase,-0.0167,0.966055
ITSN,101,af3_plddt,-0.0167,0.966055
ITSN,101,af3_mean_pae_to_hotspots,0.0667,0.86469
ITSN,101,af3_mean_pae_to_switches,0.1,0.797972
ITSN,101,binding_z,1.0,0.0
ITSN,102,is_charged,-0.6211,0.074253
ITSN,102,is_polar,0.207,0.593036
ITSN,102,min_dist_gtpase,0.0,1.0
ITSN,102,mean_contact_dist,0.0,1.0
ITSN,102,af3_max_cp_to_gtpase,0.0,1.0
ITSN,102,af3_mean_cp_to_gtpase,0.0,1.0
ITSN,102,af3_mean_pae_to_gtpase,0.1,0.797972
ITSN,102,af3_min_pae_to_gtpase,0.0167,0.966055
ITSN,102,af3_plddt,0.6333,0.067086
ITSN,102,af3_mean_pae_to_hotspots,0.1167,0.765008
ITSN,102,af3_mean_pae_to_switches,0.1,0.797972
ITSN,102,binding_z,1.0,0.0
ITSN,103,is_charged,0.1732,0.655852
ITSN,103,af3_mean_pae_to_gtpase,0.1,0.797972
ITSN,103,af3_min_pae_to_gtpase,0.0,1.0
ITSN,103,af3_plddt,0.75,0.019942
ITSN,103,af3_mean_pae_to_hotspots,0.1167,0.765008
ITSN,103,af3_mean_pae_to_switches,0.1,0.797972
ITSN,103,binding_z,1.0,0.0
ITSN,104,is_charged,0.1732,0.655852
ITSN,104,is_polar,-0.1369,0.725369
ITSN,104,is_aromatic,-0.1369,0.725369
ITSN,104,af3_mean_pae_to_gtpase,0.0333,0.932157
ITSN,104,af3_min_pae_to_gtpase,0.0333,0.932157
ITSN,104,af3_plddt,-0.0833,0.831214
ITSN,104,af3_mean_pae_to_hotspots,0.1167,0.765008
ITSN,104,af3_mean_pae_to_switches,0.0333,0.932157
ITSN,104,binding_z,1.0,0.0
ITSN,105,is_charged,-0.6211,0.074253
ITSN,105,af3_mean_pae_to_gtpase,0.0333,0.932157
ITSN,105,af3_min_pae_to_gtpase,0.1167,0.765008
ITSN,105,af3_plddt,0.05,0.898353
ITSN,105,af3_mean_pae_to_hotspots,0.0333,0.932157
ITSN,105,af3_mean_pae_to_switches,0.0333,0.932157
ITSN,105,binding_z,1.0,0.0
ITSN,106,is_charged,-0.5196,0.151641
ITSN,106,af3_mean_pae_to_gtpase,0.0333,0.932157
ITSN,106,af3_min_pae_to_gtpase,0.1167,0.765008
ITSN,106,af3_plddt,-0.0167,0.966055
ITSN,106,af3_mean_pae_to_hotspots,0.0333,0.932157
ITSN,106,af3_mean_pae_to_switches,0.0333,0.932157
ITSN,106,binding_z,1.0,0.0
ITSN,107,is_charged,0.0,1.0
ITSN,107,is_polar,0.4108,0.272071
ITSN,107,af3_mean_pae_to_gtpase,0.0167,0.966055
ITSN,107,af3_min_pae_to_gtpase,-0.0167,0.966055
ITSN,107,af3_plddt,-0.0667,0.86469
ITSN,107,af3_mean_pae_to_hotspots,0.1167,0.765008
ITSN,107,af3_mean_pae_to_switches,0.0333,0.932157
ITSN,107,binding_z,1.0,0.0
ITSN,108,is_charged,-0.0913,0.815318
ITSN,108,is_polar,0.0,1.0
ITSN,108,is_aromatic,0.0,1.0
ITSN,108,af3_mean_pae_to_gtpase,0.0167,0.966055
ITSN,108,af3_min_pae_to_gtpase,0.0833,0.831214
ITSN,108,af3_plddt,-0.3333,0.380713
ITSN,108,af3_mean_pae_to_hotspots,0.1255,0.747618
ITSN,108,af3_mean_pae_to_switches,0.0833,0.831214
ITSN,108,binding_z,1.0,0.0
ITSN,109,is_charged,-0.207,0.593036
ITSN,109,is_polar,-0.1369,0.725369
ITSN,109,af3_max_cp_to_gtpase,-0.4108,0.272071
ITSN,109,af3_mean_cp_to_gtpase,-0.4108,0.272071
ITSN,109,af3_mean_pae_to_gtpase,-0.0833,0.831214
ITSN,109,af3_min_pae_to_gtpase,-0.1167,0.765008
ITSN,109,af3_plddt,-0.15,0.700094
ITSN,109,af3_mean_pae_to_hotspots,-0.0833,0.831214
ITSN,109,af3_mean_pae_to_switches,-0.0833,0.831214
ITSN,109,binding_z,1.0,0.0
ITSN,110,is_charged,0.0,1.0
ITSN,110,af3_max_cp_to_gtpase,-0.4108,0.272071
ITSN,110,af3_mean_cp_to_gtpase,-0.4108,0.272071
ITSN,110,af3_mean_pae_to_gtpase,-0.15,0.700094
ITSN,110,af3_min_pae_to_gtpase,-0.1,0.797972
ITSN,110,af3_plddt,0.5167,0.15439
ITSN,110,af3_mean_pae_to_hotspots,-0.0833,0.831214
ITSN,110,af3_mean_pae_to_switches,-0.0833,0.831214
ITSN,110,binding_z,1.0,0.0
ITSN,111,is_charged,0.0,1.0
ITSN,111,is_polar,0.0,1.0
ITSN,111,is_aromatic,-0.1369,0.725369
ITSN,111,af3_mean_pae_to_gtpase,-0.1833,0.63682
ITSN,111,af3_min_pae_to_gtpase,-0.3167,0.406397
ITSN,111,af3_plddt,0.1833,0.63682
ITSN,111,af3_mean_pae_to_hotspots,-0.1833,0.63682
ITSN,111,af3_mean_pae_to_switches,-0.1833,0.63682
ITSN,111,binding_z,1.0,0.0
ITSN,112,is_charged,0.3651,0.333899
ITSN,112,is_polar,-0.1369,0.725369
ITSN,112,af3_mean_pae_to_gtpase,-0.1833,0.63682
ITSN,112,af3_min_pae_to_gtpase,-0.3167,0.406397
ITSN,112,af3_plddt,0.5333,0.139227
ITSN,112,af3_mean_pae_to_hotspots,-0.2333,0.545699
ITSN,112,af3_mean_pae_to_switches,-0.2333,0.545699
ITSN,112,binding_z,1.0,0.0
ITSN,113,is_charged,-0.2598,0.499599
ITSN,113,is_polar,0.0,1.0
ITSN,113,af3_max_cp_to_gtpase,-0.4108,0.272071
ITSN,113,af3_mean_cp_to_gtpase,-0.4108,0.272071
ITSN,113,af3_mean_pae_to_gtpase,-0.1833,0.63682
ITSN,113,af3_min_pae_to_gtpase,-0.2167,0.575515
ITSN,113,af3_plddt,0.2833,0.46003
ITSN,113,af3_mean_pae_to_hotspots,-0.2167,0.575515
ITSN,113,af3_mean_pae_to_switches,-0.1833,0.63682
ITSN,113,binding_z,1.0,0.0
ITSN,114,is_charged,0.0,1.0
ITSN,114,is_polar,-0.207,0.593036
ITSN,114,af3_max_cp_to_gtpase,-0.4108,0.272071
ITSN,114,af3_mean_cp_to_gtpase,-0.4108,0.272071
ITSN,114,af3_mean_pae_to_gtpase,-0.1333,0.732368
ITSN,114,af3_min_pae_to_gtpase,-0.2167,0.575515
ITSN,114,af3_plddt,0.2667,0.487922
ITSN,114,af3_mean_pae_to_hotspots,-0.2333,0.545699
ITSN,114,af3_mean_pae_to_switches,-0.2167,0.575515
ITSN,114,binding_z,1.0,0.0
ITSN,115,is_charged,0.5477,0.12687
ITSN,115,af3_mean_pae_to_gtpase,-0.1333,0.732368
ITSN,115,af3_min_pae_to_gtpase,-0.1841,0.635383
ITSN,115,af3_plddt,0.2833,0.46003
ITSN,115,af3_mean_pae_to_hotspots,-0.1333,0.732368
ITSN,115,af3_mean_pae_to_switches,-0.1333,0.732368
ITSN,115,binding_z,1.0,0.0
ITSN,116,is_charged,-0.433,0.244341
ITSN,116,is_polar,0.0,1.0
ITSN,116,af3_mean_pae_to_gtpase,-0.1333,0.732368
ITSN,116,af3_min_pae_to_gtpase,-0.1167,0.765008
ITSN,116,af3_plddt,0.1833,0.63682
ITSN,116,af3_mean_pae_to_hotspots,-0.1333,0.732368
ITSN,116,af3_mean_pae_to_switches,-0.1333,0.732368
ITSN,116,binding_z,1.0,0.0
ITSN,117,is_charged,-0.6928,0.038554
ITSN,117,is_polar,-0.2739,0.475797
ITSN,117,is_aromatic,-0.207,0.593036
ITSN,117,af3_max_cp_to_gtpase,-0.4108,0.272071
ITSN,117,af3_mean_cp_to_gtpase,-0.4108,0.272071
ITSN,117,af3_mean_pae_to_gtpase,-0.0333,0.932157
ITSN,117,af3_min_pae_to_gtpase,-0.0667,0.86469
ITSN,117,af3_plddt,0.5833,0.099186
ITSN,117,af3_mean_pae_to_hotspots,-0.05,0.898353
ITSN,117,af3_mean_pae_to_switches,-0.0333,0.932157
ITSN,117,binding_z,1.0,0.0
ITSN,118,is_charged,0.0,1.0
ITSN,118,af3_max_cp_to_gtpase,-0.4108,0.272071
ITSN,118,af3_mean_cp_to_gtpase,-0.4108,0.272071
ITSN,118,af3_mean_pae_to_gtpase,-0.0667,0.86469
ITSN,118,af3_min_pae_to_gtpase,-0.1167,0.765008
ITSN,118,af3_plddt,0.4667,0.205386
ITSN,118,af3_mean_pae_to_hotspots,0.0,1.0
ITSN,118,af3_mean_pae_to_switches,-0.0667,0.86469
ITSN,118,binding_z,1.0,0.0
ITSN,119,is_charged,0.3464,0.361113
ITSN,119,is_polar,-0.207,0.593036
ITSN,119,af3_max_cp_to_gtpase,-0.4108,0.272071
ITSN,119,af3_mean_cp_to_gtpase,-0.4108,0.272071
ITSN,119,af3_mean_pae_to_gtpase,0.2,0.605901
ITSN,119,af3_min_pae_to_gtpase,-0.1,0.797972
ITSN,119,af3_plddt,0.0167,0.966055
ITSN,119,af3_mean_pae_to_hotspots,0.15,0.700094
ITSN,119,af3_mean_pae_to_switches,0.15,0.700094
ITSN,119,binding_z,1.0,0.0
ITSN,120,is_charged,-0.5477,0.12687
ITSN,120,is_polar,0.207,0.593036
ITSN,120,is_aromatic,0.5477,0.12687
ITSN,120,af3_max_cp_to_gtpase,-0.4108,0.272071
ITSN,120,af3_mean_cp_to_gtpase,-0.4108,0.272071
ITSN,120,af3_mean_pae_to_gtpase,0.1833,0.63682
ITSN,120,af3_min_pae_to_gtpase,-0.1167,0.765008
ITSN,120,af3_plddt,0.0833,0.831214
ITSN,120,af3_mean_pae_to_hotspots,0.0167,0.966055
ITSN,120,af3_mean_pae_to_switches,-0.0667,0.86469
ITSN,120,binding_z,1.0,0.0
ITSN,121,is_polar,0.0,1.0
ITSN,121,is_aromatic,-0.1369,0.725369
ITSN,121,af3_max_cp_to_gtpase,-0.4108,0.272071
ITSN,121,af3_mean_cp_to_gtpase,-0.4108,0.272071
ITSN,121,af3_mean_pae_to_gtpase,0.3,0.432845
ITSN,121,af3_min_pae_to_gtpase,0.0084,0.982953
ITSN,121,af3_plddt,0.6333,0.067086
ITSN,121,af3_mean_pae_to_hotspots,0.2167,0.575515
ITSN,121,af3_mean_pae_to_switches,0.2167,0.575515
ITSN,121,binding_z,1.0,0.0
ITSN,122,is_charged,-0.1826,0.63824
ITSN,122,is_polar,0.5477,0.12687
ITSN,122,af3_mean_pae_to_gtpase,0.2833,0.46003
ITSN,122,af3_min_pae_to_gtpase,0.0669,0.864127
ITSN,122,af3_plddt,0.1,0.797972
ITSN,122,af3_mean_pae_to_hotspots,0.251,0.514674
ITSN,122,af3_mean_pae_to_switches,0.2833,0.46003
ITSN,122,binding_z,1.0,0.0
ITSN,123,is_charged,0.207,0.593036
ITSN,123,is_polar,-0.4108,0.272071
ITSN,123,af3_mean_pae_to_gtpase,0.3667,0.33174
ITSN,123,af3_min_pae_to_gtpase,0.3833,0.308495
ITSN,123,af3_plddt,-0.4333,0.243952
ITSN,123,af3_mean_pae_to_hotspots,0.3667,0.33174
ITSN,123,af3_mean_pae_to_switches,0.3667,0.33174
ITSN,123,binding_z,1.0,0.0
ITSN,124,is_charged,-0.4108,0.272071
ITSN,124,is_polar,0.207,0.593036
ITSN,124,af3_mean_pae_to_gtpase,0.4167,0.264586
ITSN,124,af3_min_pae_to_gtpase,0.3849,0.306299
ITSN,124,af3_plddt,0.0667,0.86469
ITSN,124,af3_mean_pae_to_hotspots,0.4167,0.264586
ITSN,124,af3_mean_pae_to_switches,0.4167,0.264586
ITSN,124,binding_z,1.0,0.0
ITSN,125,is_charged,-0.414,0.26792
ITSN,125,is_polar,0.4108,0.272071
ITSN,125,af3_mean_pae_to_gtpase,0.4333,0.243952
ITSN,125,af3_min_pae_to_gtpase,0.3833,0.308495
ITSN,125,af3_plddt,0.0167,0.966055
ITSN,125,af3_mean_pae_to_hotspots,0.4667,0.205386
ITSN,125,af3_mean_pae_to_switches,0.4167,0.264586
ITSN,125,binding_z,1.0,0.0
ITSN,126,is_charged,0.0866,0.824674
ITSN,126,af3_mean_pae_to_gtpase,0.4333,0.243952
ITSN,126,af3_min_pae_to_gtpase,0.4833,0.18747
ITSN,126,af3_plddt,-0.5333,0.139227
ITSN,126,af3_mean_pae_to_hotspots,0.4667,0.205386
ITSN,126,af3_mean_pae_to_switches,0.4167,0.264586
ITSN,126,binding_z,1.0,0.0
ITSN,127,is_charged,-0.6211,0.074253
ITSN,127,is_polar,0.1369,0.725369
ITSN,127,af3_mean_pae_to_gtpase,0.5,0.170471
ITSN,127,af3_min_pae_to_gtpase,0.5333,0.139227
ITSN,127,af3_plddt,0.15,0.700094
ITSN,127,af3_mean_pae_to_hotspots,0.4833,0.18747
ITSN,127,af3_mean_pae_to_switches,0.5,0.170471
ITSN,127,binding_z,1.0,0.0
ITSN,128,is_charged,-0.7246,0.027239
ITSN,128,af3_mean_pae_to_gtpase,0.5333,0.139227
ITSN,128,af3_min_pae_to_gtpase,0.4667,0.205386
ITSN,128,af3_plddt,-0.15,0.700094
ITSN,128,af3_mean_pae_to_hotspots,0.5,0.170471
ITSN,128,af3_mean_pae_to_switches,0.5,0.170471
ITSN,128,binding_z,1.0,0.0
ITSN,129,is_charged,0.1035,0.791005
ITSN,129,is_polar,0.7246,0.027239
ITSN,129,is_aromatic,0.7246,0.027239
ITSN,129,af3_mean_pae_to_gtpase,0.5333,0.139227
ITSN,129,af3_min_pae_to_gtpase,0.5167,0.15439
ITSN,129,af3_plddt,0.1167,0.765008
ITSN,129,af3_mean_pae_to_hotspots,0.55,0.124977
ITSN,129,af3_mean_pae_to_switches,0.55,0.124977
ITSN,129,binding_z,1.0,0.0
ITSN,130,is_charged,-0.0866,0.824674
ITSN,130,is_polar,0.0,1.0
ITSN,130,is_aromatic,0.1826,0.63824
ITSN,130,af3_mean_pae_to_gtpase,0.5333,0.139227
ITSN,130,af3_min_pae_to_gtpase,0.5,0.170471
ITSN,130,af3_plddt,-0.1833,0.63682
ITSN,130,af3_mean_pae_to_hotspots,0.55,0.124977
ITSN,130,af3_mean_pae_to_switches,0.5333,0.139227
ITSN,130,binding_z,1.0,0.0
ITSN,131,is_charged,-0.0866,0.824674
ITSN,131,is_polar,-0.4108,0.272071
ITSN,131,af3_max_cp_to_gtpase,-0.4108,0.272071
ITSN,131,af3_mean_cp_to_gtpase,-0.4108,0.272071
ITSN,131,af3_mean_pae_to_gtpase,0.55,0.124977
ITSN,131,af3_min_pae_to_gtpase,0.55,0.124977
ITSN,131,af3_plddt,0.25,0.51649
ITSN,131,af3_mean_pae_to_hotspots,0.55,0.124977
ITSN,131,af3_mean_pae_to_switches,0.55,0.124977
ITSN,131,binding_z,1.0,0.0
ITSN,132,is_charged,0.0866,0.824674
ITSN,132,af3_mean_pae_to_gtpase,0.5333,0.139227
ITSN,132,af3_min_pae_to_gtpase,0.55,0.124977
ITSN,132,af3_plddt,-0.0833,0.831214
ITSN,132,af3_mean_pae_to_hotspots,0.5,0.170471
ITSN,132,af3_mean_pae_to_switches,0.55,0.124977
ITSN,132,binding_z,1.0,0.0
ITSN,133,is_charged,-0.0913,0.815318
ITSN,133,is_polar,0.4108,0.272071
ITSN,133,af3_mean_pae_to_gtpase,0.4667,0.205386
ITSN,133,af3_min_pae_to_gtpase,0.5439,0.130055
ITSN,133,af3_plddt,-0.0333,0.932157
ITSN,133,af3_mean_pae_to_hotspots,0.5333,0.139227
ITSN,133,af3_mean_pae_to_switches,0.5333,0.139227
ITSN,133,binding_z,1.0,0.0
ITSN,134,is_charged,-0.0913,0.815318
ITSN,134,is_polar,0.1369,0.725369
ITSN,134,af3_max_cp_to_gtpase,-0.4108,0.272071
ITSN,134,af3_mean_cp_to_gtpase,-0.4108,0.272071
ITSN,134,af3_mean_pae_to_gtpase,0.4667,0.205386
ITSN,134,af3_min_pae_to_gtpase,0.55,0.124977
ITSN,134,af3_plddt,0.8,0.009628
ITSN,134,af3_mean_pae_to_hotspots,0.55,0.124977
ITSN,134,af3_mean_pae_to_switches,0.55,0.124977
ITSN,134,binding_z,1.0,0.0
ITSN,135,is_charged,0.5175,0.153564
ITSN,135,is_polar,-0.639,0.063924
ITSN,135,is_aromatic,-0.5477,0.12687
ITSN,135,af3_max_cp_to_gtpase,-0.4108,0.272071
ITSN,135,af3_mean_cp_to_gtpase,-0.4108,0.272071
ITSN,135,af3_mean_pae_to_gtpase,0.55,0.124977
ITSN,135,af3_min_pae_to_gtpase,0.5333,0.139227
ITSN,135,af3_plddt,-0.4667,0.205386
ITSN,135,af3_mean_pae_to_hotspots,0.55,0.124977
ITSN,135,af3_mean_pae_to_switches,0.55,0.124977
ITSN,135,binding_z,1.0,0.0
ITSN,136,is_charged,-0.1826,0.63824
ITSN,136,is_polar,0.414,0.26792
ITSN,136,af3_max_cp_to_gtpase,0.4108,0.272071
ITSN,136,af3_mean_cp_to_gtpase,0.4108,0.272071
ITSN,136,af3_mean_pae_to_gtpase,0.5333,0.139227
ITSN,136,af3_min_pae_to_gtpase,0.5333,0.139227
ITSN,136,af3_plddt,0.2667,0.487922
ITSN,136,af3_mean_pae_to_hotspots,0.5333,0.139227
ITSN,136,af3_mean_pae_to_switches,0.5333,0.139227
ITSN,136,binding_z,1.0,0.0
ITSN,137,is_charged,-0.3651,0.333899
ITSN,137,is_polar,0.2739,0.475797
ITSN,137,is_aromatic,-0.1369,0.725369
ITSN,137,af3_mean_pae_to_gtpase,0.4833,0.18747
ITSN,137,af3_min_pae_to_gtpase,0.4937,0.17676
ITSN,137,af3_plddt,0.65,0.058073
ITSN,137,af3_mean_pae_to_hotspots,0.5,0.170471
ITSN,137,af3_mean_pae_to_switches,0.5,0.170471
ITSN,137,binding_z,1.0,0.0
ITSN,138,is_charged,-0.2598,0.499599
ITSN,138,is_polar,-0.4108,0.272071
ITSN,138,af3_max_cp_to_gtpase,-0.4108,0.272071
ITSN,138,af3_mean_cp_to_gtpase,-0.4108,0.272071
ITSN,138,af3_mean_pae_to_gtpase,0.3833,0.308495
ITSN,138,af3_min_pae_to_gtpase,0.4603,0.212522
ITSN,138,af3_plddt,-0.5167,0.15439
ITSN,138,af3_mean_pae_to_hotspots,0.3833,0.308495
ITSN,138,af3_mean_pae_to_switches,0.3833,0.308495
ITSN,138,binding_z,1.0,0.0
ITSN,139,is_charged,0.0866,0.824674
ITSN,139,af3_max_cp_to_gtpase,-0.4108,0.272071
ITSN,139,af3_mean_cp_to_gtpase,-0.4108,0.272071
ITSN,139,af3_mean_pae_to_gtpase,0.4167,0.264586
ITSN,139,af3_min_pae_to_gtpase,0.4854,0.185354
ITSN,139,af3_plddt,-0.1,0.797972
ITSN,139,af3_mean_pae_to_hotspots,0.4833,0.18747
ITSN,139,af3_mean_pae_to_switches,0.4833,0.18747
ITSN,139,binding_z,1.0,0.0
ITSN,140,is_charged,-0.433,0.244341
ITSN,140,is_polar,0.4108,0.272071
ITSN,140,is_aromatic,0.5477,0.12687
ITSN,140,af3_max_cp_to_gtpase,0.4108,0.272071
ITSN,140,af3_mean_cp_to_gtpase,0.4108,0.272071
ITSN,140,af3_mean_pae_to_gtpase,0.3833,0.308495
ITSN,140,af3_min_pae_to_gtpase,0.4286,0.249738
ITSN,140,af3_plddt,-0.2333,0.545699
ITSN,140,af3_mean_pae_to_hotspots,0.4167,0.264586
ITSN,140,af3_mean_pae_to_switches,0.3833,0.308495
ITSN,140,binding_z,1.0,0.0
ITSN,141,is_charged,0.0913,0.815318
ITSN,141,af3_max_cp_to_gtpase,-0.4108,0.272071
ITSN,141,af3_mean_cp_to_gtpase,-0.4108,0.272071
ITSN,141,af3_mean_pae_to_gtpase,0.3833,0.308495
ITSN,141,af3_min_pae_to_gtpase,0.4,0.286105
ITSN,141,af3_plddt,-0.1833,0.63682
ITSN,141,af3_mean_pae_to_hotspots,0.3598,0.341509
ITSN,141,af3_mean_pae_to_switches,0.3833,0.308495
ITSN,141,binding_z,1.0,0.0
ITSN,142,is_charged,0.3464,0.361113
ITSN,142,is_polar,-0.1035,0.791005
ITSN,142,is_aromatic,0.2739,0.475797
ITSN,142,min_dist_gtpase,-0.4108,0.272071
ITSN,142,mean_contact_dist,-0.4108,0.272071
ITSN,142,af3_max_cp_to_gtpase,-0.4108,0.272071
ITSN,142,af3_mean_cp_to_gtpase,-0.4108,0.272071
ITSN,142,af3_mean_pae_to_gtpase,0.3833,0.308495
ITSN,142,af3_min_pae_to_gtpase,0.4854,0.185354
ITSN,142,af3_plddt,0.2667,0.487922
ITSN,142,af3_mean_pae_to_hotspots,0.4603,0.212522
ITSN,142,af3_mean_pae_to_switches,0.4667,0.205386
ITSN,142,binding_z,1.0,0.0
ITSN,143,is_charged,0.1732,0.655852
ITSN,143,min_dist_gtpase,-0.4108,0.272071
ITSN,143,mean_contact_dist,-0.4108,0.272071
ITSN,143,af3_max_cp_to_gtpase,0.0,1.0
ITSN,143,af3_mean_cp_to_gtpase,0.0685,0.861067
ITSN,143,af3_mean_pae_to_gtpase,0.3833,0.308495
ITSN,143,af3_min_pae_to_gtpase,0.4854,0.185354
ITSN,143,af3_plddt,-0.1,0.797972
ITSN,143,af3_mean_pae_to_hotspots,0.45,0.224216
ITSN,143,af3_mean_pae_to_switches,0.45,0.224216
ITSN,143,binding_z,1.0,0.0
ITSN,144,is_charged,-0.3651,0.333899
ITSN,144,af3_mean_pae_to_gtpase,0.45,0.224216
ITSN,144,af3_min_pae_to_gtpase,0.4916,0.178927
ITSN,144,af3_plddt,-0.3667,0.33174
ITSN,144,af3_mean_pae_to_hotspots,0.5,0.170471
ITSN,144,af3_mean_pae_to_switches,0.5,0.170471
ITSN,144,binding_z,1.0,0.0
ITSN,145,is_charged,-0.2598,0.499599
ITSN,145,af3_max_cp_to_gtpase,-0.4108,0.272071
ITSN,145,af3_mean_cp_to_gtpase,-0.4108,0.272071
ITSN,145,af3_mean_pae_to_gtpase,0.3333,0.380713
ITSN,145,af3_min_pae_to_gtpase,0.395,0.292769
ITSN,145,af3_plddt,-0.2667,0.487922
ITSN,145,af3_mean_pae_to_hotspots,0.3833,0.308495
ITSN,145,af3_mean_pae_to_switches,0.45,0.224216
ITSN,145,binding_z,1.0,0.0
ITSN,146,is_charged,0.6062,0.083533
ITSN,146,is_polar,-0.4108,0.272071
ITSN,146,n_contacts_8.0,0.4108,0.272071
ITSN,146,n_contacts_switch_I,0.4108,0.272071
ITSN,146,min_dist_gtpase,-0.4108,0.272071
ITSN,146,mean_contact_dist,-0.4108,0.272071
ITSN,146,af3_max_cp_to_gtpase,0.0685,0.861067
ITSN,146,af3_mean_cp_to_gtpase,0.0685,0.861067
ITSN,146,af3_mean_pae_to_gtpase,0.4,0.286105
ITSN,146,af3_min_pae_to_gtpase,0.3347,0.378595
ITSN,146,af3_plddt,-0.6833,0.042442
ITSN,146,af3_mean_pae_to_hotspots,0.4268,0.251957
ITSN,146,af3_mean_pae_to_switches,0.4667,0.205386
ITSN,146,binding_z,1.0,0.0
ITSN,147,is_charged,0.6928,0.038554
ITSN,147,is_polar,-0.4108,0.272071
ITSN,147,min_dist_gtpase,-0.4108,0.272071
ITSN,147,mean_contact_dist,-0.4108,0.272071
ITSN,147,af3_max_cp_to_gtpase,0.4108,0.272071
ITSN,147,af3_mean_cp_to_gtpase,0.4108,0.272071
ITSN,147,af3_mean_pae_to_gtpase,0.4333,0.243952
ITSN,147,af3_min_pae_to_gtpase,0.3013,0.430823
ITSN,147,af3_plddt,-0.1167,0.765008
ITSN,147,af3_mean_pae_to_hotspots,0.4333,0.243952
ITSN,147,af3_mean_pae_to_switches,0.4333,0.243952
ITSN,147,binding_z,1.0,0.0
ITSN,148,is_charged,0.0,1.0
ITSN,148,af3_max_cp_to_gtpase,0.4108,0.272071
ITSN,148,af3_mean_cp_to_gtpase,0.4108,0.272071
ITSN,148,af3_mean_pae_to_gtpase,0.3833,0.308495
ITSN,148,af3_min_pae_to_gtpase,0.4184,0.262381
ITSN,148,af3_plddt,0.1333,0.732368
ITSN,148,af3_mean_pae_to_hotspots,0.4333,0.243952
ITSN,148,af3_mean_pae_to_switches,0.4,0.286105
ITSN,148,binding_z,1.0,0.0
ITSN,149,is_charged,0.0866,0.824674
ITSN,149,is_polar,-0.4108,0.272071
ITSN,149,af3_max_cp_to_gtpase,0.4108,0.272071
ITSN,149,af3_mean_cp_to_gtpase,0.4108,0.272071
ITSN,149,af3_mean_pae_to_gtpase,0.2833,0.46003
ITSN,149,af3_min_pae_to_gtpase,0.3515,0.353666
ITSN,149,af3_plddt,-0.0833,0.831214
ITSN,149,af3_mean_pae_to_hotspots,0.2,0.605901
ITSN,149,af3_mean_pae_to_switches,0.45,0.224216
ITSN,149,binding_z,1.0,0.0
ITSN,150,is_charged,-0.2739,0.475797
ITSN,150,min_dist_gtpase,0.2667,0.487922
ITSN,150,mean_contact_dist,0.3667,0.33174
ITSN,150,af3_max_cp_to_gtpase,0.2851,0.45715
ITSN,150,af3_mean_cp_to_gtpase,0.2851,0.45715
ITSN,150,af3_mean_pae_to_gtpase,0.1,0.797972
ITSN,150,af3_min_pae_to_gtpase,0.2689,0.484116
ITSN,150,af3_plddt,-0.1833,0.63682
ITSN,150,af3_mean_pae_to_hotspots,0.2,0.605901
ITSN,150,af3_mean_pae_to_switches,0.3667,0.33174
ITSN,150,binding_z,1.0,0.0
ITSN,151,af3_mean_pae_to_gtpase,0.0833,0.831214
ITSN,151,af3_min_pae_to_gtpase,0.2363,0.540444
ITSN,151,af3_plddt,-0.6611,0.052523
ITSN,151,af3_mean_pae_to_hotspots,0.1,0.797972
ITSN,151,af3_mean_pae_to_switches,0.1333,0.732368
ITSN,151,binding_z,1.0,0.0
