inhibitor_id,class,target_gef,target_gtpase,total_length,scaffold_length,dh_domain_start,n_measurements,binding_mean,binding_std,binding_min,binding_max,hotspot_1,hotspot_2,hotspot_3,hotspot_4,sequence
ITSN_RFD1_0-7,ITSN,Intersectin-2,Cdc42,340,151,152,5,58903.35,35242.34,9445.46,105337.94,281,288,295,303,NRLEQLAAERRAAAAAENAAILAEFREELEKLEESGTDEEIKNRYLAIKAAQKVAQRAGAAEAEIKKVEAELAEDGSLSPEERAAILELARREAQEAVRTLGEALLALLPEEAAELALEYASRSLKMLYGEEAEELTAEWRRLLAERRAAIERKRQGYIHELIQTEERYMADLQLVVEVFQKRMAESGFLTEGEMALIFVNWKELIMSNTKLLKALRVRKKTGGEKMPVQMIGDILAAELSHMQAYIRFCSCQLNGAALLQQKTDEDTDFKEFLKKLASDPRCKGMPLSSFLLKPMQRITRYPLLIRSILENTPESHADHSSLKLALERAEELCSQVNEG
ITSN_RFD1_1-13,ITSN,Intersectin-2,Cdc42,340,151,152,5,57862.12,35068.24,9143.75,103738.85,281,288,295,303,MGLSEEERKKKLEEVKKLLEEAEKELEKAKEAAKELLATVEASPTVSQAEKEALKKLIDQIFNLLEEALELVKKAIESGEDVESLKEARKKVNEALVLLRQTLKLVQKLIKKSKENAKEMQAKATAAAYHAITAIQLLLTAIDLLEEIAPIERKRQGYIHELIQTEERYMADLQLVVEVFQKRMAESGFLTEGEMALIFVNWKELIMSNTKLLKALRVRKKTGGEKMPVQMIGDILAAELSHMQAYIRFCSCQLNGAALLQQKTDEDTDFKEFLKKLASDPRCKGMPLSSFLLKPMQRITRYPLLIRSILENTPESHADHSSLKLALERAEELCSQVNEG
ITSN_RFD1_10-4,ITSN,Intersectin-2,Cdc42,340,151,152,4,55510.97,20906.18,39220.57,91430.31,281,288,295,303,MLDKLYKELLEALEKAIEKLKEAAKLAKENGDEETAKLLEYLAEQLKSLKKEIEAAYEEVKKLEEEGASNEEIAEAYERFAKLLKGVAEELKEQAEIVKYLAEKAEDEELKKKLKEAAKLLKEAAKLAEELAKEAEKKAKEYKKKAEEEAIERKRQGYIHELIQTEERYMADLQLVVEVFQKRMAESGFLTEGEMALIFVNWKELIMSNTKLLKALRVRKKTGGEKMPVQMIGDILAAELSHMQAYIRFCSCQLNGAALLQQKTDEDTDFKEFLKKLASDPRCKGMPLSSFLLKPMQRITRYPLLIRSILENTPESHADHSSLKLALERAEELCSQVNEG
ITSN_RFD1_13-15,ITSN,Intersectin-2,Cdc42,340,151,152,4,53974.59,21503.79,35389.77,90599.49,281,288,295,303,MSEEEKKKEEAKKYFEEAEKLSKKAAEAAKALLATAAAALADPSQRAAAAREAVALANELVDYVNEILGSLNRISSLIPEIKVDITKLSALLNAVVGEFRRLVRALRRGVSRAELAAVTAALAAALNALIKEINKTLEEVKKKLEEIEKKIERKRQGYIHELIQTEERYMADLQLVVEVFQKRMAESGFLTEGEMALIFVNWKELIMSNTKLLKALRVRKKTGGEKMPVQMIGDILAAELSHMQAYIRFCSCQLNGAALLQQKTDEDTDFKEFLKKLASDPRCKGMPLSSFLLKPMQRITRYPLLIRSILENTPESHADHSSLKLALERAEELCSQVNEG
ITSN_RFD1_15-2,ITSN,Intersectin-2,Cdc42,340,151,152,4,48426.33,25600.79,20826.03,90054.43,281,288,295,303,EWEEVMAEVEKELKELEKALKELVKEVAKKLKSKEEAEKLEKEAEKAIKEIRKGLEELKREAERDPARRPEYIAALKRFAEKIKEINKLVKKAVKALKEGDLEKAKEYIEKAEQKIHDLITEEPLLAPVYDALENLNVLLRRMMEKVEELIERKRQGYIHELIQTEERYMADLQLVVEVFQKRMAESGFLTEGEMALIFVNWKELIMSNTKLLKALRVRKKTGGEKMPVQMIGDILAAELSHMQAYIRFCSCQLNGAALLQQKTDEDTDFKEFLKKLASDPRCKGMPLSSFLLKPMQRITRYPLLIRSILENTPESHADHSSLKLALERAEELCSQVNEG
ITSN_RFD1_4-7,ITSN,Intersectin-2,Cdc42,340,151,152,5,40939.81,30087.63,9143.61,93619.43,281,288,295,303,SEKEKKLLEKNEKLIEEMKEYKKEVEELLKELEYVEEELAKDEELKEKYEKLKKKVEEEFDKELKEWEKFFEEVKEAVERDPSKALLYLSSFVTTSYAEISNKYGEVKSLYSDEEERLEAYVRAKKLLEFMKKKLEYIEELKKLVEKKLKIERKRQGYIHELIQTEERYMADLQLVVEVFQKRMAESGFLTEGEMALIFVNWKELIMSNTKLLKALRVRKKTGGEKMPVQMIGDILAAELSHMQAYIRFCSCQLNGAALLQQKTDEDTDFKEFLKKLASDPRCKGMPLSSFLLKPMQRITRYPLLIRSILENTPESHADHSSLKLALERAEELCSQVNEG
ITSN_RFD1_9-15,ITSN,Intersectin-2,Cdc42,340,151,152,10,40746.99,26597.0,9776.24,90032.05,281,288,295,303,SILKDLKLLSQLIDSAIRLVQQAQQQVQRLAASGSAIAPLLQEALELLKEAKKKLEEAKKYIEKAIKEYKDKKKMKEYLEKALKKLEEAKKLLKEAEEKAKKALKAAEALDDPNKDYLVSQLKTVLDMLKEAKELLKDAKEILEKIVKELIERKRQGYIHELIQTEERYMADLQLVVEVFQKRMAESGFLTEGEMALIFVNWKELIMSNTKLLKALRVRKKTGGEKMPVQMIGDILAAELSHMQAYIRFCSCQLNGAALLQQKTDEDTDFKEFLKKLASDPRCKGMPLSSFLLKPMQRITRYPLLIRSILENTPESHADHSSLKLALERAEELCSQVNEG
ITSN_RFD1_7-4,ITSN,Intersectin-2,Cdc42,340,151,152,5,36152.03,30525.01,9167.05,93465.44,281,288,295,303,KEEEAKKKIEEAKKKLKELKKEIEEAKKLAKEALEKMEKTKSGDEENLKEAKKLTEEALEKLERAAKEAAELIKELLKLKKEGFKVPEELIKEALELVDEIAELAEELAAKVTELNKETGGLTEEILELVSKALSRVQEIMQKALQTVNEIERKRQGYIHELIQTEERYMADLQLVVEVFQKRMAESGFLTEGEMALIFVNWKELIMSNTKLLKALRVRKKTGGEKMPVQMIGDILAAELSHMQAYIRFCSCQLNGAALLQQKTDEDTDFKEFLKKLASDPRCKGMPLSSFLLKPMQRITRYPLLIRSILENTPESHADHSSLKLALERAEELCSQVNEG
ITSN_RFD1_2-12,ITSN,Intersectin-2,Cdc42,340,151,152,106,30062.46,18992.92,-681.52,89251.55,281,288,295,303,ELEKKIEELKEKAEELLDEALGEIDDTLLIATELELLSQQNEELKEELKKLAEELRKEAERLRKLLQEARAEEDVKEAVELLKKAEEEAKKILERVKKELEELEKKAKEIDEKLAEKIKELREVLERRLKRALEYIKKAREALKEILKLLIERKRQGYIHELIQTEERYMADLQLVVEVFQKRMAESGFLTEGEMALIFVNWKELIMSNTKLLKALRVRKKTGGEKMPVQMIGDILAAELSHMQAYIRFCSCQLNGAALLQQKTDEDTDFKEFLKKLASDPRCKGMPLSSFLLKPMQRITRYPLLIRSILENTPESHADHSSLKLALERAEELCSQVNEG
Vav_denovo_3_9_ranked_15,Vav,GEFH1,Rac1,430,116,117,5,12684.5,9058.93,3147.31,29869.33,290,292,299,313,EEEEKREREKKIEELEKELKEYEEKAKKEIAALEAEYQALLAKAEVTADLDYVERLIRDESRREDAELYKEELEDLGIDGETLLAAAETRVRIEKLKEETFNYRLETLDKLDELKDYDKRCCCLREIQQTEEKYTDTLGSIQQHFLKPLQRFLKPQDIEIIFINIEDLLRVHTHFLKEMKEALGTPGAANLYQVFIKYKERFLVYGRYCSQVESASKHLDRVAAAREDVQMKLEECSQRANNGRFTLRDLLMVPMQRVLKYHLLLQELVKHTQEAMEKENLRLALDAMRDLAQCVNEVKRDNETLRQITNFQLSIENLDQSLAHYGRPKIDGELKITSVERMDRYAFLLDKALLICKRRGDSYDLKDFVNLHSFQVRDDSSGDRDNKKWSHMFLLIEDQGAQGYELFFKTRELKKKWMEQFEMAISNIYP
Vav_denovo_32_6_ranked_10,Vav,GEFH1,Rac1,428,114,115,5,10757.63,8163.1,4308.58,25733.64,288,290,297,311,SEAARAAAEAAIAAHLARIRELAAARPGEPPSAEFVEAVRALLDELFRLMALRHPEQKDLIERARRLARDLGASWEGLPYAIAVVRDAAEEVGDEETLARLDELEAVLAEAEARYDKRCCCLREIQQTEEKYTDTLGSIQQHFLKPLQRFLKPQDIEIIFINIEDLLRVHTHFLKEMKEALGTPGAANLYQVFIKYKERFLVYGRYCSQVESASKHLDRVAAAREDVQMKLEECSQRANNGRFTLRDLLMVPMQRVLKYHLLLQELVKHTQEAMEKENLRLALDAMRDLAQCVNEVKRDNETLRQITNFQLSIENLDQSLAHYGRPKIDGELKITSVERMDRYAFLLDKALLICKRRGDSYDLKDFVNLHSFQVRDDSSGDRDNKKWSHMFLLIEDQGAQGYELFFKTRELKKKWMEQFEMAISNIYP
Vav_denovo_11_4_ranked_0,Vav,GEFH1,Rac1,454,140,141,5,8599.2,9530.49,1524.92,27393.4,314,316,323,337,SELDELLEEIRARAEEKLRELLEKVQELREKLTELSLQDSLKGAKEIEELTKKFTEEMKREVEEFKREMKEEFEKRLAELLAENPDITQEQVDEAKKRLEEIIKELEEEAAELLEELKQHAEQQKAVCAEKAKIDKEREEYDKRCCCLREIQQTEEKYTDTLGSIQQHFLKPLQRFLKPQDIEIIFINIEDLLRVHTHFLKEMKEALGTPGAANLYQVFIKYKERFLVYGRYCSQVESASKHLDRVAAAREDVQMKLEECSQRANNGRFTLRDLLMVPMQRVLKYHLLLQELVKHTQEAMEKENLRLALDAMRDLAQCVNEVKRDNETLRQITNFQLSIENLDQSLAHYGRPKIDGELKITSVERMDRYAFLLDKALLICKRRGDSYDLKDFVNLHSFQVRDDSSGDRDNKKWSHMFLLIEDQGAQGYELFFKTRELKKKWMEQFEMAISNIYP
Vav_denovo_19_14_ranked_1,Vav,GEFH1,Rac1,436,122,123,5,8344.26,9552.52,903.12,27125.47,296,298,305,319,MQAERDALAAEWEARLKAREKEFDAFTEEAKKKLEELEEKGADQELLLKAIEELQKLYEKHDELRALLTATIEALRAAGADYKALAAAAAAEIAAVEKALDEAREALKKTLEEMEKEVKEKEYDKRCCCLREIQQTEEKYTDTLGSIQQHFLKPLQRFLKPQDIEIIFINIEDLLRVHTHFLKEMKEALGTPGAANLYQVFIKYKERFLVYGRYCSQVESASKHLDRVAAAREDVQMKLEECSQRANNGRFTLRDLLMVPMQRVLKYHLLLQELVKHTQEAMEKENLRLALDAMRDLAQCVNEVKRDNETLRQITNFQLSIENLDQSLAHYGRPKIDGELKITSVERMDRYAFLLDKALLICKRRGDSYDLKDFVNLHSFQVRDDSSGDRDNKKWSHMFLLIEDQGAQGYELFFKTRELKKKWMEQFEMAISNIYP
Vav_denovo_22_16_ranked_10,Vav,GEFH1,Rac1,435,121,122,5,7540.28,7374.61,1668.99,22104.37,295,297,304,318,PTVEQQLQDLLEAHLEILDLFAEAVRKTKELIEKGEKEEAREVIKKKFEEALAKIEAVRAKYAENAAVTAALDKLEALVKEIKKELLSLEVNEELVKKLEEGLEKVSEKLTDDLLDFMGLPYDKRCCCLREIQQTEEKYTDTLGSIQQHFLKPLQRFLKPQDIEIIFINIEDLLRVHTHFLKEMKEALGTPGAANLYQVFIKYKERFLVYGRYCSQVESASKHLDRVAAAREDVQMKLEECSQRANNGRFTLRDLLMVPMQRVLKYHLLLQELVKHTQEAMEKENLRLALDAMRDLAQCVNEVKRDNETLRQITNFQLSIENLDQSLAHYGRPKIDGELKITSVERMDRYAFLLDKALLICKRRGDSYDLKDFVNLHSFQVRDDSSGDRDNKKWSHMFLLIEDQGAQGYELFFKTRELKKKWMEQFEMAISNIYP
Vav_denovo_42_7_ranked_11,Vav,GEFH1,Rac1,415,101,102,5,7135.31,8227.4,989.82,23315.66,275,277,284,298,AERERRRRIAEEGIAEIKKKIAESEEKIKKLAEEAKKANEEEKEKLLKEMEELLKETKAKIEEIYETRILGNDPLLALFLEPELRQEEDRAEELLEEIKKEYDKRCCCLREIQQTEEKYTDTLGSIQQHFLKPLQRFLKPQDIEIIFINIEDLLRVHTHFLKEMKEALGTPGAANLYQVFIKYKERFLVYGRYCSQVESASKHLDRVAAAREDVQMKLEECSQRANNGRFTLRDLLMVPMQRVLKYHLLLQELVKHTQEAMEKENLRLALDAMRDLAQCVNEVKRDNETLRQITNFQLSIENLDQSLAHYGRPKIDGELKITSVERMDRYAFLLDKALLICKRRGDSYDLKDFVNLHSFQVRDDSSGDRDNKKWSHMFLLIEDQGAQGYELFFKTRELKKKWMEQFEMAISNIYP
